id,first_name,last_name,email,gender,ip_address
1,1G8WpD2v5LJHqrRfcWtfUz78nBcEC8d6Q7,Yexley,ooRZHUtZuLiVNW21PmjWHHGsTYF9TkE5h6sKgS3tDQK3Xfo7sWj,Female,
2,13CW3S4nVdwnHYw3zHnoTs8o8NBWneXWdx,Bareford,oopjpzZVeNPRLMHhoqrJScmb25FmkCQZYdFvnpk7eeVmDrnpzAz,Genderfluid,
3,18xJ2DHrAM5jergAfJy5Kej66giEkDksnG,Cattermull,oo2a7aE6thaZU1B9UsfzjuLHoR34v1nrGov9KbUMGVcjXU4Jnks,Male,
4,1JyTaFwWT4VYCerrbz8id68SvCAJYnNJk4,McTerrelly,onqwpbfeFJ6iHzjQaqo9EMwqo36ZgTN1S6vfKnjmxs55769fniY,Agender,
5,1GphZSwFyMPxkBJqsPZW1m6Ygsouoc96S9,Malser,oopih1Jdwv7RuXW6HvFL8pfEt4NZWh5deNyX7t8QXM5Rgo3pCdE,Male,
6,1JciBBLcCKFQKxjnczbnPKRvEpEqVbwUQ3,Birds,oojd6R9pnpnxaNgPjvJLJx33XCCw5GAWq5ymg8fPN9diHUN4ANs,Male,
7,1JjAKRPEQJxwUnYuFwVRvysDXsgj4Vqa2n,Pomfret,ooQemzXPbv41qkYFhGW8JYVfz4D4jYvaxMwDa8h2LtkvSY3F5dB,Male,
8,112oUKKL4JRYAJHxCo8BpTtoWE9U2gojRy,Bulled,ooD9y3LGiuuznRVsen9MRG7seK5a8JdcJFWSdjJ3ienM4uLZdoi,Female,
9,1HYEZECPLXB76Vi9GKqt3pRff5GMhryxAf,Lockless,op1S2aNnij8UWpCgX7rmZiVkf2JXWjWKDbKwB7seVYxGihuUmmd,Male,
10,196dbjUbav2TmLVmsCXkKhKVve8NF2m89J,Leggin,ooP3TjDxQj1a8ksRM6Qkak3GQpsZV7QimYGLtFdJZ8aNrSgKq47,Female,
11,1Q295RF8cvbxF4zzUHSgpM5nBYwmiouitv,Featonby,ooeW22jy58wHLjuVhbTNTo7kXGU2QHGTAjNeYLNcH5oRgEgzY1S,Female,
12,1JtrZM7QUyHs4MBaXozxDWqVnXMNakBMeg,Landa,ooU4KjWbRvFit1rkQDqRivWeJmwTLCEL2FiMvNTyyjEjjcRFpa4,Female,
13,12wNDJvpGFD3u5gbp85niyCAjY4KVRv6Xb,Batting,ontPSJkEVDPmvSWtN5XyFVBzd4eER8rw8WYP6swPqPmDAgerffu,Male,
14,1ALX8ezVFGwg4Jc1mbijho1ae2X5dRuKsy,Dishmon,opACMpnJk5VyYPkymw2ptBnNfJRmv3zkLBfmG4iW7ox2a6Uqyuv,Female,
15,1JYnfc2oGqkkkDjj5dEqr37DKLz4F4Bb6L,Tue,opY3BGV4rmJoaNTsCFV93rp26JVYEyfiQD9qNTpnE4949bM2x4s,Female,
16,12z1VjGKhEHheZnD7PwR8AEq5CMpaB3AMb,Butterwick,ooxb7eEi2XSe3Dw5Pxcsqrc4QKaMAQSiMGKt3tiaNRKqwatM3gx,Female,
17,1CitaEru2HWbACFRmsegFnLRUCou8GNeTS,Heritege,oox72nrzHqjGTaEZrkjdkSjnWVjVmnkMJgr8wBEWrdXAtiGVsZd,Male,
18,1FGv8UYUt85VpqXNv5sP5ptDttH2YdjvUk,Gainforth,opGC7JsHYnLNCnKxTKu5HZo7gQtPhH1AUbRXCyYnUNA1mQWg2iA,Female,
19,1PgEjzXwkpZ3teZVdZ84Fbs6ekQHTUfzWu,Hempel,oo6gR5TWLHCRe4dwTedahnLrqBFVHQDZaBp67U5kbW859RUzfEy,Male,
20,1DQHpFZBfsMZCzUcrSPGbixcSLsTiqT84y,Maycey,onsw3HaGgwWogd9nUWhiDff8ndsBc4QYroYXBk7d3ZeR4t6Pi5k,Non-binary,
21,1Q3E3xjgnDaJ6Jyu3k2aNBuozVA68UTKc1,Danell,op7qACC34p6myNYy6BAXNDWPXqXDYr9JSSVQqRL1kEsmZ1zPtH1,Male,
22,166W23M1VpyjLpheMj3anzz2Emgd66Ezwy,Cometson,ooHXehbsNR1nw2sdSFUFQ2djvuQcZ3zSV71AorkLwzz2sZdYwov,Female,
23,18uescxao6dyWmA6L1i5B26nixWXFGF2tH,Gallant,oommHjUpVz4anvz42ysMb9mZ7nnXZCyioVNNhhpVgoeJeKiAWFU,Female,
24,18GA1tjqtcu5jLPUbLgkFdy5wY7AvC4U5w,Marcome,op1LGwpeA4ZsXV8LZ9mqVpo8N4wjgGQN7arP7bcjz4PraGUcM4i,Female,
25,1HJ4vUnqXqTGsqbSSshHeivM3db6ntD79s,Wickerson,opMfnya3ppVcu1YYzeuyvYYFPMsiiDnWSrUrGaNDSTQ1fEiw3ag,Male,
26,1AU6pWsgm8jrjKvUM59Kegtju4GU4mMbmn,Griffitt,ooLoW6DMsheTr4BA4Ychxw1BTZRs3kR9Rq82PgnpK6AbP1K7jpQ,Female,
27,1487te5aMmK8fU7UqUvHPgg2wgRX3gdpDn,Dulake,ooqddtE3QtdGYrEovZm1jgZQxXmmXoCVuDkKwLD9hitdAnp4rnG,Female,
28,1P7LxEYsSah9jFbnhHrsDEhAEv9GDxxqow,Tellwright,ooJbXCM5imonvoqEu16fKhC7mALHTy3pEaZ7cNCymD2aDU4EdwW,Male,
29,1EnQGaaAWJnpc8RECy5czhbYaGFMW8igDJ,Andreacci,onixSmbrP829nH3pASL88GyWfrH7CPyFgpeQNXkwF1bEk3RBDyb,Genderfluid,
30,18rmh4ToePD6dB4MZnC1Sk5VMkhh1cz5o2,Nise,onvqRXd5Yf9xX6DHxK787yUHhP2GQheBBA37sujYhGMDa8dpmVz,Female,
31,1Bzb1CHFoW8bumkJjyU1j7UhZBajhYygXH,Olle,ooo7Gb9T7v9iCkCe65Mbe3wEr6MJhgoWKSQaR4zrmgpSZqY1r3v,Male,
32,1EGehpjA7guvv4NJqjPCcS4Fvnhqkdsi44,Belhomme,opKz3MywEHiLbJ8oiqLZnrpUDpywvN36YDss4XUGbHZQLLcsiHA,Male,
33,1Ddh5aPonVwTH7YXaeZjffnP5cEjjhPcPV,Siuda,onppoeeQE3Tn54L88HwZgKp1nRxizFbT9E6hFhYC77EQ8TnQJgb,Male,
34,15RR9JTCWzudTej6nrEJrMcwJh8pHZz8vp,Henker,oni29SjsgpmsTBxywkCyzwRMh8TEotz1b6NacFCTZMK1rEerYhV,Male,
35,1Q4qsyQ3T4tKGJ7x7Fbco11onHAQxZRV6Z,Antley,oo87djox3AbWSFD2cTTeiw9bRhWkdbNDtzc7oq2gzY7hKWqjPq5,Bigender,
36,1NDiTbpKQbmK5xH7GMfSRGak29TGzmTPvU,Marjanovic,ooZmBEfrLDzn3kqpGCNpBPoYiYcBf9wkFsMCuhoUAVdLajnqcHQ,Male,
37,1HDjZwCXCs7BSszoBCi2fE8zkTJ71TLepq,Dancey,opKNRZj5YQ8kgBoJsiNMF5zKGfPBXXcVpZWkPCXPy6m6xiyon2o,Female,
38,16Z5Z4WHp6F1Y2KFavWwo1CTogQvmhyBbg,Leddie,oo6Lbq2gxtRmYPBtf5NRxkNRZiiNckM7NWMfWQ2HCvBxKyQAHdh,Male,
39,1GTFxJ6jAcjVtjX59R9NkMZwfVEZsVoShy,Foote,onjaWLRZLirh7hU7bXNxx9VN7BYVWZmA13dijqXSCyKEBSrP5Nm,Female,
40,1HV2qS1hnwYXrFUaZh38HoFekAXo7x9S4F,Dulson,ooHb15C3h54pfoSTU5Hr1n2i5kJrfmeYSzYJqU7XV57rb3ACTc3,Female,
41,14gNqCnnDforTQTgVXo8uwRMw8ebYV7nrH,Georgel,oo218NW4ZMnnEmtwHGg4Qo9vzF1ahPzJncoB2rYrwGPvgxYVGnk,Female,
42,1MwPwGpobJ9ztE68SVeCbHytfFJhFEprGY,Casol,ooHctq9kktbSNKUkXcgs5Y6H6NYUEn99hMbrHBGUFwzkN37xGa8,Genderfluid,
43,13EWiJKDUbF1hgtyBRrxVDVwGF8yjWDgd8,Littlejohn,op12C313ex6b6veWcjLddyfCShed8C8mi8XRhGRH4mVe5sCyCEQ,Male,
44,1CDhDtai1hyoWVvtgXjvqZ45mETRyKM87Q,Vellacott,onhEEfrYFAkpZHSzykjFE1wmHbXuumtVQXrkLXwC4fZQUDiupNw,Male,
45,1ERUz8copD1YquyiSrqUeS3bkimY3Mnmwr,Fernando,oowfAvFhGbUhfkR3NJz5t7B4fn9FWBFLb1Nk9GNm1yLd1Vzg45E,Male,
46,1ArR2kGJuFst8mHUjBbcSZX1xDrxPaweGs,Matzeitis,onfeHLWSCUY8pNcwbFqmt8qwi5hGQPzAvuTRGyMPAj6dPZz81t9,Male,
47,1PrCFZuryBjpNwtm96sTHyszV4rgvTQUsN,Burges,onv7cLhW2B3Y4zBdyjp8sKSPCxQc6NJvnoiDLxmf3EmLaWMy3As,Female,
48,1MFnjoV7vy3bb1gaXXAYSTrZMSeiVyzHXY,Fidgett,ootfxkMwpDQgga1stmj1Za2T9NG1iMNGTcPwmgFxoC4wuNVU5BL,Male,
49,13Ng1SeSCocRsSwb2xdqotyRAidvnHzsrS,Veronique,oowdokeHsvvqT2ExXQ8EeAa4ACfNZz4ruaL3EaeZt6c8HZJMUxj,Female,
50,12YJUpGQiUiMqpRjdUFuMeYKGPbyYqLKaP,MacConneely,ooPZuLZaXSe2iiVN7Hi5tkVgh7sJQZEbxJ3Y3MbrqYRKj9JPFoy,Female,
51,19EHGcoNhVQzy7sZUMZLw1aGGeR5euXsCs,Giovanazzi,oo3qkk5ZPgvWawGf3rN5BNtGRr37GdpRAEEbD4bfdepSoXarpHb,Female,
52,1PTUWiWrn8FNVMoos9BCGv9vVzNLExckcB,Frangleton,ooAppxd44BEL3J5D3eNqvEJdunag3EyDcgmFpYkrW1hAboEvXbG,Male,
53,1K35uJ8CV8LuCTs4eyfbE3DbD1SJwtMVmj,Ivanitsa,oocBCNdW6Ud6nR58qSy4vUjQJAtZUPPSzospRWMEBEE4zgpU9cD,Female,
54,14o6JGvuxGUXzzAxNAEKCfTEAfqGzudyWj,Rymell,oo3S9Zk7CNviYVNrjg7FeWHGcz27wTwx6RLrAxDWHKHGBKUxxxZ,Male,
55,17pvWVb3SerBgdXRL4owPzJjsN2zUocLGU,Shimwell,opFKPEmjmeGYu1cvLi7u9tB2RS4VMeTwoKf9974LCkvykD1k1Nq,Female,
56,1PhyrGgixgxQzhpfPVMuf2PyEiutNXRvr,Mistry,op3pkBxsgkuopambo8YaMh5Ndz8zQrGhoBT75rwsn5kDBEfeMfT,Male,
57,1EnD5SWSKg3LtDzJvXZpfpgbLFZPiUPcde,McLeese,oot3btVnkKxTKfTHjJ1YWeKANvs9F9RnPVWpdBfX1YB1etFtgbp,Genderqueer,
58,19ZZQmQdTSvAMxAxNAtb1r8Jodrh1EeLUV,Smiley,opNJBJzJgzhFgQU253GyvowgoVd8ZUN4CXX8sYuSFbKPd1EEo6R,Male,
59,1BkFbLexUEnVQLX4FqiZF3nSTh7JsduQoR,Chesney,onzztuQedH5jcaWSbvqDb5WBQKMHkrcoUgP3hNXmmGTdwXzUCLC,Male,
60,1PhqptShb7nqAA7DLuH41KvRECtAwzt6LN,Bertwistle,oocMKz1RBarQhcPu1kUy9rYph2NZuncfiCQZN8A8LJBN7LvMwVE,Female,
61,1MMsF5MH7tauKTbDEZzYUrBDbfsmacFsTE,Patroni,ooxmxBN3kG63sUBRJcvkDVLxMiX3Fa8FdFHJHkEZP5Bz33FVern,Non-binary,
62,1NigV4paEmEsvFj37hQTdWqTRaTnPF9zTs,Plumbley,ooZafqWtkdPJgjDFPWKYsnDdbykGMsRpewgQp3E62JDzAAnDtHq,Male,
63,1Ld5oQJwJTsH6mvZC5Pczr3Gp1QsH3hUhG,McVeigh,opQKdDWcWUnC8DApboLw37PeUzbfNYDBcCkkZfjJSeXGAzKvExP,Male,
64,1CCiThzuHwD2mJatarYSYSWUqkcz71Axcf,Dhillon,opDp2V6wQo7SB2K5dB9Y8bf1fpzmiQ1ziP7L6gsnRSjkBGuQDiz,Male,
65,1AEEQP1mhQctsMmauoznDvXkgYjwduRgrc,Woodstock,ootCNrm8DVDACYSi7XPvHHVXcpgJyERGsTum64euTNzjFSSafoZ,Male,
66,14FkFXv3TrZJyw3UnP1i49gKciVjsKsfJz,Kohring,opabt8tc6bVAHyBo3P5w1hUEVKZq6HcEDeWXKPgUGQehk8zAwFp,Male,
67,13QrHc4HGCsXrRRGBdYJbsanCA94WybN3V,Jeenes,ooyB5yTqTy34DNsC8Hi6dHZpK7rsipsRipSDwvSxwtsftBUohD3,Female,
68,1A4ATTxy6dKz8beN7SHXdbqnY52M3yUZVb,Donnersberg,ooXdETdGTN2prXsNKpaJVeSvFQhUysHFB8QL7RMQBYCDovmbeJZ,Male,
69,19buPAKJpYmLu72KjybdReg4bQnQL6UbwY,Fateley,oo6hzq6hsW4X23pLcZWJGAb3UAcFKBufZFu2UA7Ao87pfp5KR3D,Female,
70,1PJFpxBeDT51GcxDGsP4hYTKHJrq95Gfvd,Borrill,ooSdUS7zAYqDi35ETmxmKNdmheXPP3cC99fQ1Zj85N5Bzyeauh3,Genderfluid,
71,1in3AomWp42bNqiSdLdy6UTCbxzM8wNBU,Batsford,opJLBaqMSFbnwG8AiJoN4UxfJRiQH6DGeb6GjaHDv5yms24HPM6,Female,
72,16THf3XfBoXbDVXoJGoYhoCpTMLa4A2RXS,Acland,oonWVr9udsgS2yfiTtYEtyo1mkLu72qbpuLwsbgFtaWEh2rt4oS,Male,
73,1KgeqqBFmgexwnEF5sVdQZTa3kC76W1mWd,Thow,opPjj5xGSL58ppsaSJM6HVWzcKQfE2Zxq2Da5k6DWxaLh65NT5U,Female,
74,1Ew7rXDDFkrKBtEeeTfibkPJkdikeVUEgF,Cundict,op46yXqEzpU3Br2RK2jH8x7RFh3Y5h4zTkBrs8yXZZBRUaKgKZY,Female,
75,1BGtCmDSiQRRaFKkkQqdiGaXK4Qj53KYqh,Attenbrough,ooPNXLZ3KHhfbqHMFvbp6chmtneRJGmeHWZe4GUsSad9FohFFVy,Male,
76,19Pg2iwLEMNDtGtkkfXUu4FCCth5e54orc,Catterall,opP7zACxaywkGHuAja8EdWWoBt6SvcpWR5Dx2NomMfioc2abpjy,Female,
77,1P3J8tQ9UEmsqAZLWxVBdYW2ZPNXfrpZZ7,Chamberlayne,opJctzZ4bHLwermsEnTJhgfifSnFVktw3BpV5e265EK7gw9C9ew,Female,
78,1F3GCe2WVrpaJYaDjBh5oexvzopzAvMJhj,Broomer,onsTM1FeWLckVLHmfdBk5Zn2DPWoD4xEYbgBiSXcYX7JevA7Z5h,Male,
79,1LznN8gWHLvPZixCZiektcsD3PrRnomfrw,Jacobson,oow72v1XoKUD8bxYGoFbWquhWZvuq4UJaMNeAMHmzeRjQRb8ExL,Male,
80,1F5wXyttMzwHX14SVCAUjHu6geMu9VKnXj,Gilfether,opVoUm1sPciD6tM7uJFMrxWbHJ1UVuyucoe4XWcX4erkxtMV8DW,Female,
81,1EzNabB6L5yxdq4CZQXTCRSW778odBu9jx,Stenton,ooBZBZ2EAm2nHK8QCqPGgPvsyFuaeZh4HBFmHYVW2rs4qr4Yb3Q,Female,
82,14jwgRt6VpEsziMc4dZ98Ro4YC7hhBWm5f,Dooher,oordGt4HdooRZ6cn83p1mRBuPdZ3eXAj3Qk6rLSu7cmEJH6b9aX,Female,
83,1DbBnFjYyYj7iBRqAeu5JmTYVFqzfJXeL8,Gerger,ooegXiNgFRUAjvQWg1xEaxmwasApCmcgAvXsG43YA46e38UnQCk,Female,
84,1EfBN2rvp1Jssw3MNyZCoovqGxudNBquu8,Tolmie,oo76S6RyRhUzwdfRoNH8HWeE46JX6oKQoCWaXrbyvCWHigrM3ZP,Male,
85,1FvPgmL3UJV7RWBpGHVnwqnnYGwXNbzw2h,Jamot,ooFFGvv5KXECRMsfNpgT4bb5bHcUQWj9EqNswxCj3TzRZf3mJdL,Male,
86,1ANbb6L9tNZvVtLkY2QA2iwkaR7xXJh6Cw,Glennie,oo8AAPcMEDTPJZSvX1eD6FVt52TpqvyLypb71LZg4pDuu1oEjjd,Female,
87,1CHap9bQivx6J3wbwEVZy3t6HVdAguMvKY,Rowney,onsGucD9qc1Xr8B3M5bp1y7HDdocJLZ5kwxZcbxxj2D5chE2FWd,Male,
88,1HrvC1RG9KaJwBehFZjJPRSP6hhThR6KEA,Ferentz,ooN5y13hEhRP5YVELCY92kV9pE4qmvDb4boJAqvg63oiSSCG6c5,Female,
89,1DuYBd5tsB9MnLVPTvCagNss72DhnFEiuR,Heinig,opGD2Mi3PpdkzmGVcgHb9Z3aNPjhDmyNFj5EFXFnZtid11TDdSz,Male,
90,1Je7WusJkT6wpc4GoAi1gR71NZLnfEe5FH,Runnacles,ooYVjgckXnNTrFt95JHmpQFobhmf7Bg4wNnst9hMt62CGDKfASm,Female,
91,1LjJ4mdzxaSgzimaHP6DhuWP3oND8sLusF,Phlippi,oniph7dacKvzTDHVCd7G9CKWf9znPL5z2Yzu9xCq26AhpuF1dYM,Male,
92,1BhJ82xcgDD2Zp9CJouMCGbobCNmmkAjt6,Westnedge,opNArQvwxFjByQgc3YzNwDMqadW92To9cd4RdynkkxTAKb9H3tz,Agender,
93,1MH7myeyfuDR6eAXpqGAUu9FGJp7f1FtrV,De Benedictis,oohqVSr2UCax1AfgrreSQdwY6Yr6WdKzhz1G2dtz43wXf2thTFx,Female,
94,1QGQWit3EYZHvtBntYi3bW7a3Yn7hDxwZ3,Worden,opLgrg5VyiJjRtxn5YXmv3Xaoa3HkeRfrtEhwhh45fodgsAPUBV,Female,
95,1D8cU3KpEp9V8UTSYegXX4Wk9To9v9YwSd,Stenners,opEW8GErXcmmWQNmF7k6G1Awv94LaCs2E1pZrrzighg7VSGsXC8,Male,
96,1nPtBvXGhiKJT9DCVKzxLZwR3hEqMo2Sx,Waumsley,opYn448HRRHTH1fNgK5axDZwonmvWz3tJtYYFFEZkzvdks6PuPw,Male,
97,1HTSKgdf7iD21tBNjzXLWdUVkhDu4CGrSF,Hedlestone,onosDHoAEAMZ5zzsTJRC3nFixna6vgDajcVhfjSwzoLuczBA43w,Polygender,
98,1BggFjWTUF77tGe741oZJsMDo3QzRncV7L,Hamsher,oogoYoCzXcbjrFeH6XCBLKgL43BGR28DtKX3VvUibRyDVAzD48b,Male,
99,1MEmJTVyA61bU5goQCJhUdKGXMcowCo3wz,Cathel,oo9877kE8YaCo2EouNjTwA8bL9epVb2TJucdv8uV7VaDBiKP3JY,Female,
100,1BSVpxEKV4nc92gQkBo6p7JiqdeEELXyUp,Lawford,ootbhx9LnXrfJBXpJ7uK93TxE4yjScBS1k4eDzxvGhYfxctJZ53,Female,
101,17mAi1xz2ZrpKSEFp1iSRtUe4gM7B6cKUW,Sleightholm,oogT5oiF4gcNVTsKAVKVfHSqHk2n9dYkwpYmdURb3bFz5pBPWYX,Male,
102,1KYRMLKsnTv75XFnifWSLpYCfCa6upWpHK,Corpes,opN5fAX3oAUzeiMkeg43dCXvjZmgcy1yo2jbnfaTUYg9qAjasfn,Genderqueer,
103,129a8QYus8g9GqAvrq3UmNZK9WXWsaPH3P,McCallam,opBmHv34SZjtQaRvnqbPcBZP1Mxkb7pfSQDeprKZRwwyieVFUym,Male,
104,1BiSyXvpo6FywXLBiD5gUSjqZzPT9FoKFL,Aleshintsev,oopsGspeww7bDMkFQQWrp1KaC6RxbQRWcawuF4vRYBC88PkRDPp,Female,
105,1Nj9RdFSD18K2VPzk52TtxYDmbzUedTSHv,Rozier,op5LnSXq5sXmYnZGzysMYyzP7NZr3RjsSYPbqFUgLeMaiBmQ3yL,Male,
106,13AJmoKc4mJkMnswZZAaJcb7cBZrN5BbNk,Thow,ooMppLgCsNqRvAZi3JtPLwJGQnwLpLpLRJX6cyDqN1UcioQRzgd,Female,
107,1FM6be1TuSAbzdAUzrc6PedC7vt2zc3pN2,Arthy,opBdWJvsrfoP7W8Er36oEWnTPvqCw29bFeHiHn5e9ewdRkeJAaD,Male,
108,19Js9QCABiHVsSRpR5sydxQMg8SUYuMkU7,Pettifor,ooDrnFwyx7EFDEA94jrcerbijpKSZEqXeQUSUgArXgtzqEh7xTs,Female,
109,19YNnoGbs6cRZfWx91DVZ1Pnr5mLZ5cE8t,Heinsen,ooTK2NyBwt84dd2UzZEdsEU34aAChRMnhkbSssMwoSQzEfbkfqH,Female,
110,14BL71RVAm6JGugtxLCTECo4mfQFcB5wYd,McCleod,onsj6KtEa4i9AUv7y1dSJCAv1bT8iuz14WgtVJ4kBvgFnVrs2Hi,Female,
111,1GDons5DRU9uPQ93wS46TT9FrHwjFReEnB,Clougher,oo3NZkGX4E8kmnPQmACvR1EtX6iKBdfTEKVjT8vgvyXZ3H781qv,Female,
112,12Qx2XkGzuT4AHywKNJNx7rCzHM6cNfW1b,Glenn,opMk9hb6swksviw2xCZYQevgz8QGv9gWzMHFnaPNKsN5Xk7vvYr,Male,
113,1DoAi8UXBsJ5RvsGxXL76GHJZxonCgHVk6,Lilywhite,oow3yAd5n3FD8eAGuZaTMySsmMpPyDVRubHo3UAsTfPKuVpwdDx,Male,
114,1K4SoJiqPe67nM3axwdSvWEG2JGC2DHtst,Chesher,onrSDBvyhFT98TQTFRuGimEzydrfYEFx42vZQugynndXxxU1zY7,Male,
115,1EgtxvLeiCEzTb22he6gVk4Z4qy5ynYKpZ,Aldcorne,opAyT2dz29yGTXKULZfVGNUf5iPUtxkbhJhXDf5VoxgjqrQsUrF,Male,
116,1N5VnamJYBpr49WnRXKWwBaqWpyEQ9Ggez,Voller,ooZYyum7xtDzHjQjsc369uzs9BXfJw68ZwWeGpdLZ6QL99khTrF,Female,
117,1LnUYDZQt8m5vWctJx84kd8NVKaPim44Wi,Jellman,oob528S4WzFL7TNx9YWFcURG2m1FucTXVTZB1FeyADU6HGntyBp,Male,
118,12HQDtvdw35JdxZ27Wt5CEq7v4udS1qQ2K,Terran,onrPwHAkmeWWJXqv3Y5XozuDJrJkqHggKnGKKAzUWNSmYBR8WmG,Male,
119,1AqN3Y8FUWcy1EP4SznSuS1VtTxsZToJhv,MacAndrew,oovgYrLJk2Z9LR5F7kf3xHuWapJanxEx5axnrMAv2P6aQZH6ZyK,Female,
120,1NxFYhWba9UktnqEoVaiK4EBwqqCJKjs1i,Abbatini,opToWKXtJyFCoDkRzHjDMi6uuMyMRjPJUjczWPRakRXNbS2pHYo,Female,
121,18uchr9t6j2FBWn9nbAuj4mecJWjkvUsZK,Royall,oorWCit1ihYnC1dARsakxhYoVWb9gegjg4CpapCWKKTVVnDCWE8,Female,
122,18XZupNEAxVZEPHhSnL6bUJWmfTVBR34cg,Inkin,ooT8JXAsVLQHuotVPKneApub6FKk5Jho4vf6gUomtYxNixssuFE,Female,
123,15vFHB4ZRifrVmT5pkMcwcVMhGPmR6iwnD,Dodridge,oovhaCZrXYn5fQtpNwD7ZJ5BXJcpdU1x6bPLpWbeytcA7ZZvVgk,Male,
124,1LxbyqzophmTzX1JyVZ9kXDVb9GNuEztoH,Dubble,oomJBS4zfq1oic5MLM5QKEABTVyNp7X9sHV5eqKtj9cC7jwmtNj,Male,
125,154C7QBzueBbkELLrazKmqQQhj1BcuhDdH,Fishbie,oo4fKsSk5q1udenpMnoP4yymctm9qjDk5WDVXoFZHBzwY3eaZ5k,Male,
126,1DTQTFw4aRKXk8Nn6MMNJn1P4xLTGpVjWg,Yglesias,ooQAqdYj65tDzps59kBpnonJGAg2cdJiXRh7SD2kbxVwREsBD5D,Female,
127,176eqSHzs1obeRxeQtTfedossN6AFbzz31,Jelley,ooDoaYwu4snoNU7cHiLMB3MUCYNGRYxcx3xtYipKTTfQkpQkS8c,Female,
128,19mJ1Nsehq9qn3yXH3XkWu3vnghpkhHDuL,Burrel,opZrBEsXFX31ztUzQjfMsrDANMQqWuvsWsNZSoGVSzopYe8ZPu6,Male,
129,18kjAYXAHNzZpSXQFMUcob2HTMZffDsnhC,Caret,opNTbp9T36ox2VxPHgv9EruLPSkMW4HKhvwp8jmy4KYwr1PzPVS,Female,
130,162ArXXcRHMwo1f8kapTXwdrvxpXq2XuWj,Stedson,oousHhbqnsnh29T5KRw2sCEqhfFnHtrSmyESBvUK81Jnn28a134,Female,
131,1htxzbHq7vPk2y58JpcvikwnKP3Lj5RBo,Tipton,opai8WbE6cJRiR9iPzGhahSsvL1HZrAEQiCC5YKzDDDFLGbHpUh,Male,
132,171SmqEjTCVYUxsJUPD6Ln1Wk7jt5MQ5sh,Lewsy,oozMqFjsEQKDxeucGnoRLZdz3QiJoLNrHhgm3qLyd4AF9NaTGKw,Female,
133,1DAZjswZtpiwrRpmdYrerchk5ZmubQbD8J,Maher,ooegFzdM93Uxibzg3E4jotKfwZhVMWyHCwUosk3p964UXvUbG4V,Male,
134,1AB9pAJuB1Jjr7cGqefJTKVjdq2h8ASb5h,Resdale,ooaAPFda8hSWWgWg2jtQw9BEAcDDv4gK3nnzBPti7GH6FioCAUU,Male,
135,1Pd5dFrdbQ1suyatyEF5CFRCaAA7vDYYyv,Ellif,onrbtRyC8GS3wD1sdAFqnt8Mm5dPmpoRECsrkkCas8m83EQEK7f,Male,
136,17hNzp8oxuj2St5Uhd5ViTSJQGEQ9EiThf,Braben,oo7GH3rMEsvJdqAU6Uz8ipf2fg3SaWAanbsUzGynPxhi8YKQd9W,Male,
137,1P3uwchTgX2WDE7saS2v1RvruQJHPicgLz,Fawltey,ooGaYrjrWZ8xH3wJPSPBbFKdYw2mWChXU89NTA6AEkv8poS6kYF,Male,
138,1DyHi7uQ3xQ7NjSZ99ouES5wTt8m3sKpUW,Farryan,opQo6esHsVm7iKC5PGxUJzXG43qx2ZAd712wmtgMgYGQq3SLGXT,Male,
139,1CM2NsBXm2WLA3C1rL3KCbT8qE4zFkfEjt,McNeill,opHYgSwy43yhmngC54563kMHePZzTs9Q4zxNrxfmCANF4rKAguH,Female,
140,166G3bfzrxEFLxZ3kK85VKdkKdZuViyBR8,Skeete,ooEVXyUGMnXGH63RUSvqxs8kzpqa7dM8p2uAocygvYKWbWmKSPB,Male,
141,1AxD6mFFCbj7oiBtgLQTwq23JVZ1zwZeLd,Bedder,ooCawkAQLBm1NBHh3TrmfihGNqV6JmcHuY81hTCWonmf7b3pUuj,Male,
142,1CCQ8hxowRWSQKwu149z1XofJTY9JU5ZW9,Woodhead,oov8StU1ZUaJrBHGetUsLHsHHiqc6FxuVbxQRFqURn4W8PpoekX,Female,
143,1Tvx84tTkcLhko9m16KnFnM5s2gQb1UbA,Verbrugghen,opKVAjiUkCrNwsDhojqwbqJhbcwuHhSZHZXrfBFxu9JkqHFG6K5,Male,
144,1MVSMEsWUcWTrvDMR2vPtN9yEooKjkangW,Coppeard,ongPUm4aqULZpKg1XJkFLm3fU2k5SeETTnnFCWvbio9V3XKMYJV,Male,
145,12JmYQtBEZq7JLg8XkRXAokMagKMV6Rtpx,Pinnijar,op1PCpbTA5VkJczswg4sMRYeSD13RbgtAUSPZgsPVa6FKinfWb6,Non-binary,
146,191L9KEZBfmkhw3ed4AAWGUMSw5XyMjQyN,Labba,onq9nFbDztdNqrxtawTtUCN8NaizvKfFojZV19DFznMxRBHwsKA,Female,
147,1NNhhyC1gSjub2GHRxwHm4fxQRmewC76AN,Lortz,ooWfmsG5ZHTogE11z8zK4yuXCyR1U8roJi5DUgTHYmXenwwpVKt,Male,
148,1M41FkSWiaz5rieKzuhy9f731Vt6uEVeqa,Iannetti,ooLWETvzFGKLwF3rEZKz3NGDbPJxHCubj7J8yazKtKZLqSgyEGX,Female,
149,1MmQgcLji4qmRjVrhoyvzVgqQrtrJ71a1p,Fairham,oo67qvnodyLp6QfoXbiZZNp5MUYX3YU32MmLoeFkMxUospnHu9g,Female,
150,15HYaVmVhafREMBamp7E48b31bUmFv4x9H,Rosenthal,onuXhHWYErksesvbT5jfegz66542DTbkT9zrzwR6bDxf1RbEJMQ,Male,
151,1BhheYkgWrp8VN7wxHf9e5F8MkYGL6seUR,Deeley,op4UcsG9usrLhhPZTJS7xGBYRKdpTqLAJARLjkNsTXYC1gTonCN,Male,
152,1K7S8fbKexrgmpNKNuaztKsXu1ibvAZf1W,Matussov,ooZRCQjXGfWUyNZbugLMUnpkLjNkaYSd7DeS24HseDf6FrbrsXn,Male,
153,1Caes3x52Dmj7vZuQuyXACVcYZQHsVbRyU,Gleadle,ooSnB55bMwefDvSVXC7GMmR1D3hJJgrb2eLjxj2H8tQTZ845gzZ,Male,
154,1EUrmmBBBjhz71BoYsScZ9VAmFWRLviJ5D,Borton,oo1gGLWfq6dyvFoJ1jNAmWsNWYQZWssMT8Q6UCjmT34EAcL6g9K,Male,
155,1PikU65rLVLMnmMyoZ83SxwQoUyESDvoBw,Lee,opAT7FCfU6GRbjRp831wni4SZiKpDtjkpfqu3H1n1aLEHBg1LWM,Female,
156,17nzwtA1WF8DhuALTTm4ep1gjpKhzd62Nt,Devitt,ooCnh5dbdSCEs9fxbHWye9SHBAUx6Ziuuq5BFd1rQaZsd3AtHNQ,Male,
157,12bq5LzmgifP9GCxicXsxfXrRvUXq96HZ6,Rignold,ooM7TdzXsCPdqAcj3K6pRbLDX7hXfBpRGba8Qpqqg8vCBMnsGrE,Male,
158,14QHVTPvkyhAdTWhm93GL2TBiSt7ehwuzA,Henri,ootm5VEm2tQGNnq981CY1Ub7troPrJDYbXDZfVGtwdNKPvjvqu8,Male,
159,1HGBYS9y52a1zcTbH5NhtFgivYyfvpi18G,Bawme,onveib6gqXfEZeP7YkiNh43q3ktb7JaaQTF9WNWjWjk11XtYPPN,Female,
160,1NLnesH1RJxeKgSqZEUfqtoYiPJnaNZPad,Treneer,ootkbtJn53RHeXm1M3QuVHc3cap39mx8HANQa9bJKGrYBkYjmwZ,Male,
161,12xqyWHxkaZhhfnMCBKvWq5A7wy3zvrJKB,Bygreaves,onqchPhk7ji7wXYefheySUfrYJboWHjFaUt7GohuB3nNaXmeSio,Male,
162,12CJ5RT9e98RtDGzHuFAdpMjeMuAwhAUYq,Breit,oooPBKBpXmxHb9fg2fvf18jREEoLgm7ozBVGdq6oJYjeamiEcyj,Male,
163,1CTBAEVcPVWfuzP82mBCaoHr3RKjXjYpvA,Besantie,ooyaZFfdnpgdt7Kbb7rRhxsF6NJABQA9qxuc8yZX4gk1cCWLXwA,Female,
164,1Ns2dgMuAW937aqnFfp4ukcnQ4z8e7CvR7,Sproat,oo5MtamcRS4zfR2PDEPsTf1EL5Xjikz5TNeVtzjfuCtABQRSBRs,Genderqueer,
165,1HTb1VzRnewvwuYQLRDa28g5N8cxtSbEhf,Bannister,ooNXHjSLZXz7L4aaM3nKSJmthCfH6HGi9U9bcdKw7i9tffszjMX,Female,
166,1A5qLM2MiU6xxhBhHtbJua2adgToPBbSW1,Fassbender,opDutwea2CJJGSjfTEgW5nhq5jZ1qung34o23VjVwcieQY4tZAu,Male,
167,1DEQpv6vgDGQ5zfmH4J1iGAze9yfpByefN,Bontine,ooSRqh7fwzuBJo9KAHQjPqbt6rdKBXwDmX13gGxGCWkbqCpAZY1,Male,
168,1LmB6zc1dBTFMo3FHcTMsLBX7XdeE7gjaX,Kembry,oouj92CPmbs9gfAkSdZ3bHpobiu3oBz1EEPYNRaQk34kvmXncbV,Male,
169,1MkoWUtnKPhrN5zZp79rSPN4VXJM9RB7iZ,Halworth,onsCsTo9ha2CXc89EPGqLtejShD1vhVR9EJE9Bh2dNVKty4JUup,Male,
170,1PMV1CSwoUzQMYU7Uoi6yn6gkzrQuhU3VZ,Domingues,oouePvYLkSFmLtsb1qGGHD2wemRq265vqw4tKgEkktaMWeggKYm,Male,
171,1FQYowY9EwJe1wYMh3xDnNratbyS139yMW,Whistan,ooxyF8zxpLVQ8ASNDG4NuLKkjCcitFSRwfDneNbzQQJ74KQT3yX,Male,
172,18UjMaLrvRvxFXswJ6wPaotwz6Ee77thWG,Maddick,ooLDSQb9SPcWHLrAjXSCjWwt9J1MpZfPMT3o234cFVWaPLz7smw,Female,
173,1HSifB4999sTev2vCx1EAptW1RJJxtMhnr,Savidge,ooaTNXWLKKjJnjfWX9PGpe7tBSknsgbH1kqAanb2pg1PLhq6s83,Male,
174,1Pbovey4Qq4rSVx2jBBavWRsZeV7hW6vQr,Goodwins,ooWPK3k47W8vKBsCPotJ5oGH3MT817YeXmt2RW9uxvUuybNPMXf,Male,
175,1txvhSvcS5dUXGUNwTAKGDoXJF9iwMDCH,Llewellin,opSpWBKx76wUB8Xo7Ew7cp8fKm8KSWu1KV88upMSJp3G3sMnADj,Female,
176,17tWxW67Gg3ktazCEu5aYJVLneZaHp3AzA,Gosnell,ooSbJPvzTFKceZgzLjP6wUrr3Fo4AwY3xyP6wxU2oBdNQ7xJ24R,Male,
177,19Xvaqh6hzGSdNVTPCsZ92ouRb9QeJ6hCy,Foye,ooZUtCANJ6gawEv7cQoyGDzmoog8mKMJUReQ2pC5dWaZ64nz6c3,Male,
178,1NAawAq91aG4X6EjKf5LwNpnB74K2FjnyV,Darnell,ooqrMbfKZF8Mk5ZbxSv2yYDA7itKED5Y1rytomJuAdP1vep7EaK,Female,
179,1Fg2eUqeWPnNKXgjFL1XrJ2naGgLp6jwNk,Hoyland,opWb5VDMrLTsmWrCDDjFJyLT3W2H9eovchdEMD2fqVpKzsCWckK,Male,
180,1JY4Zb9eeijo7HVDEwi5xU7mLYkNaP4xd6,Braney,ontFk6QSwtQeNaD6fSFS34MW4fHhanTwYfNYrSLERNUKnDZUs4U,Female,
181,1AjuucExwDq6SsiTLEPLCky1fm3UaJ8Grg,Baglow,onzdqzLbmsQ5vbuth3XtTvYH7dVG3AkkYXcoAG7RJWRJeh24dmb,Male,
182,1Cf42xunogUvsum59x4TeniKeRVqNTGuKv,Murrhaupt,opBGSX5ZPAYNgfbxrqkqAx5HqHZmAkkmnenwJNRCC2mCzCghzRd,Male,
183,17KfBVcEz8ND1HcxgNr24ddkTCzne5zsNa,Yesenev,opY5mr4yZ4eksLXWnmzoXdqRPK1WYAyjE37kDsjxhwLMMgGzWBk,Bigender,
184,1BDSxF61hpMQDYYK5Wyyd1UwSKyQ7HJtt2,Doyland,op4zRKyFHmdtSzx24FWTMYUiHHenFpbMeRh8SUGUGAwT2MnBm2e,Genderqueer,
185,13dJSpZvjVwv12pvgKWLGsX5fk9gRFUYeQ,Marple,onjFSXCKi934eBgXmGwm5q5nF7HpffpYmhZ6AYicABuF1PuLEL1,Male,
186,15BHwgPFRfMpuUCreiKTGqRE5RakshLxpV,MacVanamy,opEWagCLa7C1M9LSdpPt5qYrXP15iVP7wK9Nz8NAVwUCHNPk4Pu,Female,
187,1AvLBke9XogGeXeUFodTkzTpYXba1RpdKE,Eisak,oniNocW738pdmcBKBSxwJDuVoyifVPmS1v3xHrRKuaKAJ1jMCz1,Female,
188,1CnjiYgH6oYKFZRkA8VjypKNFvTLyYcfou,Gaffey,opXPZYCSgYwSYAPnZnjgUPwz7Fkoqx1mJBR95Vc3z7TXtpPbNF5,Female,
189,1MuFXqzckiVxdBHNENBF1SuwrVob9VjtPM,Brunn,opGzqanZCGVbn67YMNJhTT6NKWvBcZrS8FKRGxCUVN45Jy5L8Eb,Female,
190,1Ggf3YhZKtCRi1kyG5ypaNVk7LstjBHXP3,Daltry,ooU5NSKsAPa3iofPP5nv5fUx6Kt9rnsAcXUNp4Nv2p9id3uUTGt,Agender,
191,1GXFsg2PPRdZ8Ymj8HakR9aueLCAcjRo9i,Palumbo,oo1m9gS5WES49fwcrbiRW88SpPH9xMDe58ffgrWZY7sDfwSb22s,Female,
192,15CbmBihw29U3d1ZAVDDcW6ptboGDhKvXx,Clayhill,op8Lsv1zheLnxWGKZA7spFuuy62knHHJG7a7iqw2sJ8uJxQzGvh,Male,
193,1HbERA3xWBQKggKPAjyjGffuX3herx2vc7,Bickmore,oouGhd49uuq7bzaorbMHuYmtrBLGYgNM3dRrf6RCQDrNXpSAv9G,Female,
194,1LaCgFkx8nx9Taanm1dFzPpp9QZQxqLoRc,Dimitrie,opHv7PczZvRj85mD46XFTmQ8CV6G6NFJXPeEmkPws4jsJB2MPHP,Female,
195,1LTh1fGM3SFPaz82LdSG7deixgCFh9KyLf,Perch,oocGspc92dNtUeA8BgzJQhpWBMbYgHgmhfEo8mSLEB8dxnvTxe8,Male,
196,19QFX4pFeySy57qbGjBpSQuMi3oSrxQBjH,Ottee,oopDhmmH8FJZPA5vRHHYyqBmEYYdqwj84pw71LxWiQmUbzV2uGt,Male,
197,1CSyCVmo1UG5cXgXWub2x4KZbPKisQ3w4M,Birden,oodEEJxnSHq8jKNyEz94mKf1zS13TAtLsqQMzysi1FbgNbwWCjS,Male,
198,1PgK7xjk4pucXDJJFNzQNXPsHt6aLmR8QD,Curro,opF1vfbdU2TXUXmAfaezaxekVbP9EgddDWnFMgxV32MZgFkEujF,Female,
199,12LdHdbKHRkeuUFL7U7Vooe4JZ2X1ghC3R,Mackett,opEXhxXDNGckVQ2ZWV8Ygv6kqJVTTGXEcXArHd1zY1vPzr9aoCu,Male,
200,18Fp5iXcRwPtwPVASreHwkckNH39KcX2yd,Menure,opFLbeqpjDEFXt5p9L5kQhvaQnboZQdgLTDUdGWrwUM7uXYs3WT,Female,
201,167B1Dv6vwe731uyPv9A2vjvEMqAFo4oMo,Teenan,oo7qoqxNFEszNDnR8fU8hpPmoSKaiyq3myaoALWtTch5k6GjG66,Female,
202,1GxYM6GCWuTfGmrcCpZ7CzFwj2wF231HTn,Nichol,ooYvo6hZxPQL5x64SJMLeq1uc9UDMyW3ag4egon2axwVAkFKRxb,Male,
203,1Cfkj3L9jbktd8vjSPBLBsbA7mdYPpiPaf,Dhenin,oonds3EyT2E5tYZt5jkt8ZPbe5bUs3pogmfZaDs3kmo4Ly2X1Sj,Female,
204,18KT5GDNGodH8CEiqptptCqLPQRyWWuKcq,Halesworth,onitCc7VgrTc7ya9bYwLkGNzVqwhRXzz97BsZszVgEZpLTqoJWo,Bigender,
205,18QDFD6gpQXLWaJaErY5dXLudsiqhWMAgm,Shambrook,op9eZUMVu8HujESwy7K2BLb3GJ73qRrkLEPUARkNbN1vAzgvCm6,Male,
206,1Q226N5mBTnkN123S7Q147UwKWB1zG8TM9,Rubega,ooHvwzqh8pdzHmuVWZBgfAJ9dsVYyQ9WvAbKp9jjXzhtTsqSs26,Male,
207,1JitQ6YiTqW45uoDGJ5YGuraEesurkKqeS,Balk,op9J1iBHArvAzWzLKscuVppJ61vbPmqzc8RNFcq1eZDHd1azkMe,Female,
208,18gBFSYS6xgB8CQWfPtx9a2gsKgy1YEJJq,Cater,ooFKTAypu9WP9o3p9TxVGVh4aHDDV5rsiHtKsJB8UsmkP629iaQ,Female,
209,1A8oYHo1Qigonopr5ziixapH1rW4PgHWS,Hampstead,opaWXzagWBeHVUSejX6xZUcSXtbmHS1sqgtDwbo5yBciX75QEqF,Female,
210,1LvM4YmU2Mio3wu4iU9mop9BVBd775iD1H,Keiling,oneuAnaiQKkBg1Ap4yx5eoADUDkyh3VGJPpBXnJyPZxVuVPPhbk,Male,
211,1EkQCaApzVqiRopNnCeLPn3DQsbqjhh4gf,Finneran,ooQWCVXz82Z9ELjPaqahH2qc3mBv3MtYEv3LLMJUgjncGUjx5BC,Female,
212,1GGK2hQCf1ifveSxJqMVotBs8zUAyqh8aB,Borchardt,onndtM4AqJp3Kaw9TRWzcsHzrBhPBUnWcrkexVUeDww5t7o3XJg,Female,
213,1AJyFSjbhvJemaMxBzxQiqFELErefb3ZhR,Wiskar,opAV3riEuUi2gPBg82AaPQs9D3mbGhbZQbBumj2vHCszu3E6hXz,Male,
214,1DcG4oNNQqPcU5Wf9ANqwneAwwKAsnqhhz,Engall,opRok68g7E3jhikF7KdHYGvNaYeDZf3HETMCJkgi9pWGC1wPD2B,Female,
215,1NqUKiofHWHoQ3tLRC4Z1kUA9NMj2KGXPF,Strain,oov9Ef9E4EiJadW4MyxWrP2DHGDYQEBacaVBwANvz8W7eEuuzhX,Male,
216,1Ad5JfjrHurFf7oTfdcVnFiGGNXtWyH545,Antonoyev,ooc1HKz81RGUF9Grwb7tAKzXoeDrt7vA8MUz7S2ccN9eVrpEcHp,Female,
217,1BTuQFkaFUnZekjXr2PynbFMrwWE3j4X1J,Winyard,opNnv5iM7s8PDcdAEyCoas34HmNB65kM7Z3vAHJr3PAXVtDGfAi,Male,
218,1JzM9EjeEWeSre1xGZ9vFEeqqZCcbbCPhh,Chadwell,onhpVnYEV5Hf1N1jrJqik3crC2h1wGrNsVaJWr9K83V7KeLKQ63,Female,
219,1BtmUpnj9yJZzXfDqrx2C9MeLCARWtSZZo,Logsdale,oof6ALny3GWgjHvHPF7oewXcChXFoXuuZLpxFiM1vCXWpQouTz3,Agender,
220,1FQNXAG6w3BaJkY4aUDt2nATe3Cd6jUtmY,Swafford,opX7sJDiZb43RZ33v7AUyynYSYAh83oHH9FdfqEt3U7KvfoVGMw,Female,
221,1ET9kVfwdmMtqr72pHtgwuWMxRW1cm3xzk,Sivior,opXdPjnvS69R6Yf2bayPB54rxBq75FGEyhVqCdgSCvv2xZB1xA1,Male,
222,184TYfMzkj3Mz9sx8smE7Qc9UPQJ1bCWQJ,Duchasteau,ont3CPfdKVaa4s8Gk74pRuXsK1XR7RQvpojVUj66MnVe7mkkyVH,Male,
223,17h1HPR4Hy5pFyCay1ANEPjMw2kBK1EXVi,Marrow,op3UnpEUYaQi5KCr2ygr728KYN7FwofBK12A5CxSEumuscoRiEs,Male,
224,142KcsCJ5NS4uxPdjPueMXtURsJw8Bc2zT,Maginot,oomLjeKzvu72g12zUvHvUGVwcep8ne3i241jmsVb9S4Ltn8tQrA,Bigender,
225,1DMMRTrPpLoF7RJtuSwMcagvNYsbe5DC2x,Burchatt,opVJJVvkHr57c2RYv3PNr26dR7Wiuu8Suw6SrLU3MqmT8ckVnGZ,Female,
226,1LypjW3oR1D7mLFPawquo9F7jrrhMWcFQ7,Cuell,ookJRLNnAZyjQ1DRZZrFBh6NNxS7xhcZpfUFZVLEqCPikE2mh6k,Female,
227,1xkNP7WKGYrSmbkioj8vrASxrqEKvHeMW,Hustler,ooVhuMx9X4M7MrD9kodi77agRaXfrz83Jq9abg7pzFsgJ7mSr8B,Female,
228,1AqYjYbVjQbdFCZcZdM5mGKvw4qs6Ut4UG,Rielly,opCZdVArK4M4y9LuRnVWFFbTqG5i5ggMhciHkuT8yFt1jzqmk9e,Female,
229,17rzWTdzEqdY82shEavNHkynuZwxPii5B1,Slemming,onwvKC2nKJ5ktFJrDbUUvtxs7nEruxQf3Y4DxVPFLgjTtXHZ1SW,Female,
230,1QGQkwVVxTdWD3xJMaQ81jQU655SRugYy6,Foulstone,opXuphx4ob1NGHtqvuaxbShokhnBpZkh41eVHswnDdmmFDCqWcm,Female,
231,1Lpz9sbkMRW1KaMpnLvjiJkaJFwVuXXkCj,Wontner,ooGmBBunQNoJag4KSDYUy1QU4rFXnfHpfuchgiLMsoHNt2C5fug,Male,
232,15vfqT1umfmGDKTuDA1dWxX5fGxkWmd6K3,Snarr,ooLGTxsc9NSvu8E8J7Tf2XBzgwUr4wqz4YN4iLLVq9i1Zp6PjXy,Female,
233,1ChYoevBAPZ4yJYR971BqrEo4XzbkaFCR2,Burberry,oosay2QyAUnxpT2HjkzSEdo9yrHPYKNQZRWY4pJYXZynLfHnNnc,Female,
234,1Hue8ZJ8ittPFSBQCdV91XVFNZBXACcLe9,Butte,opY5szsRfThAGSirMPa4AddcuxjdtWDNy5kv5ujp7VAk5b1CfD8,Female,
235,16LKhaPoge5XA1KqHVhkiKAcStX6JVKkHd,Dubble,ooehVWBWJavdrgA5CxVGUbVreoq5QzdTbS666hxniwaBKPCCcNB,Agender,
236,1JXEqTmHQ6C741LsbwBNMgnXt8X59nz1A7,Jurs,ooSmwtF2YLcTeEzKb6y8C8vaPEyiJLWniAkqYw2osquuxmq3trk,Female,
237,1GugSoYEKpZj4L5JeRgKmm862x9rdawLDL,Goffe,onsh3FWyfET3YwPzZ87mk3goyaZFGM3zd94WLm7So3XCxiMJFfw,Male,
238,1DkkQxw6RzMaxV62tUFhuVNvAjHKK6cD6Y,Kellog,oo5kjbtCxWTyENFvVoy9hbfPyHdGmyY4z91GGPvwXrNtZbyawYC,Male,
239,1H8G8FHMy5s9PxQ9Yo73NBEx7EFU2nH3gd,Jovis,ooNvTRoDouGykjvJ1WXt3PHxFc7p7SqXW3ky23SMrtabPUco9c1,Female,
240,1AC4g2WHpCizviSexRExJM58kToNCBvXFZ,Huckett,ooz1fExAuGr9ThK2pmZSsSmFDGTxrfUURHM82B98kzUvq8pzHjV,Female,
241,14GS5GkEyAcGKdaWNLpoSM5nMQbhHXcChS,Gyurko,oojk7mo8N6NBPwwt5dDutxPmtExgRixqeUeUGZ7BMpMS34mkgBC,Female,
242,1EWa8vxauxJx9avriNGWsJSo3wRHG5eUqQ,Cainey,ooGPtsubsAsXGF3W1g8Sd4W4tUipb4dV3Gh2HYjhizgp4VQg1UU,Male,
243,1FD9xEtGoZR2HBu5cN4QJy6pzKVHuWuwpC,Ruggs,oo23eHmSEN91cRF9oyZBY8KRgyLht68ehtThTUpFT8JZyPdoNrw,Male,
244,17Ca9BcXU1REmQvVAf1UmNa3CDqoahGkLc,Dell Casa,opGYpDbHhcd56kigw9h5G4hbpevGdJKQLScXjmjWPTYBkBE9PZs,Female,
245,1QKXmuuGLJZYhfzHvG1rfweQjXqj1qM9vR,McKelvey,ooJJ89AibK97A6k57qZipvBmFLaY86fGKfeErpWtcQu6CuUJ81L,Male,
246,1Jno8YoZkw2RjRk29u9TqMwHNND4BtqVox,Borrett,opR9Zp4s1ENjpy42mB3S8z28CQev4AEi5LXGrZLUM18bmPZ5cMH,Male,
247,16d7EtP51x48kPLmh7qCB7Li4zqSxD8rYz,Beyn,ooWYW9R7jCmYcJnv3Dfz9SKrxfVFFr861KjEj7iNWzw8M3NeJNU,Male,
248,1K4nNbN5zE8iHjobzrDcn75Cm2QAvQ9oHk,Doolan,opP5ZiL84e93gS3E9Z9HyorTSzpyeYZvHhqanGmQ24QTxmzjEcF,Female,
249,1Ka1PjuA9ck2ypFb3qbH2nSPRwYRTSfCQS,Digance,onts3btg4AYeTF4h36nzCfACukNhnesrKuHjwXiSGU3kn1N5CDc,Male,
250,12JHTf6R4y2epP8z6XmEgP2nWbepnBY9JX,Watmore,oo3Ca6rtj6zHjWhTrJc1bFL2P33qY8nXmNmuFsrnVAjHEWvggZF,Male,
251,14n5eqQ1MagLE5oYsTB75yzJk4fdF2fnDc,Noad,op35Yub6sJyBp6wZazk4NxmJXswduGK48zHKRDwGGdUoKByye2W,Bigender,
252,17wCST9Bi4wi9G7MAnj4iWUmKyG5bGw5iw,Petrovykh,opVh8no2YQkLL8exzZJeUpATTcUkyEJFqy6SzhZegKr1fkfN7KT,Female,
253,1FYvNbv1NQHhLrwsvxwyHKC6ynuSGNxDkj,Alty,opDJgRfjwRreeYDfLMh1BJkCUpHMCVWytsBsarNS8LvxMLHD2mX,Male,
254,1CwkfaL8HS6KnFCoCV4cj4V1qqpep4EYMH,Robe,opSnpdSECFCsKUXHKi7t5KheBzs8C768JQyktYZCTjLDMUju5y2,Male,
255,17ibomq78oToJHpUwfMFsReD4PaodvwapR,Iles,oo2S2bqmngYhsMfy7EaHsLfDXHyhs3gMEASzqGZ1ikHNqZbLizv,Non-binary,
256,18oR8ttz5x5pRCF7gGqGRZDxKuHQBNv8MJ,Leadbeater,onjuRHshHrGKkq8PLBtuEUTmaCLNkGfso1b5mXFqJprayD6fBYd,Male,
257,16VHwPo2P6TbHg8VYA1bZN4QxQpNGYKZjv,Quiddihy,onpxmZQk8YbyiSw6gerVMHZ2BRBkyNn2cdQn5g7vTReLYjRRg1k,Agender,
258,1LxGQA8iRkMiFHNhTBbdvm1Yp4yhNpUyAM,Pennacci,oosjEbAjQgc5xLEnuacJShVGaSdbpHXmFBayPdhwmv5KPnSbNWz,Male,
259,12w5HXCTouGfbzgFK2i2boypNDNH2rrzuo,Faloon,onf9VUHKY3zeXUJhahGNkTFUQgWFsJQB93rLd1gQVwBb4Xm92WE,Male,
260,1Dvp2pH21ryELkZ2Z4KYihqt9CvArn3pGB,Marthen,oouDLbF4bwNjkLnvWHU63TMM17XB1TJhCXboc6guwFB8pT64LXH,Polygender,
261,18DXL7UuHBC2mvrjPwbUA9Cto3xK2DUckz,Monkhouse,oogSdZtXc2uDn7MAB1VdE5AiZQ9Sw9qooAMLPK7gepjsz4UXWuT,Male,
262,1Hd1bQNdQAd9ehy1o1oymoK18uqyKx8AA5,Goldberg,oohcUdPkGKrM4M7PuQHUPvrDLF7ohCumrMWhmMgJfuhqG42pUnM,Female,
263,19SzEXctUBWKq9gVi12NSegU7QLnAiCCYr,Coogan,onxUCnqZ8kFSVSL4KTxnJZ74XXYSUsoHzE9kmFWSHDASonykXBz,Male,
264,1FfD68SEYFWjXf6ciWm43LinNyyp8X6NYB,Poat,ooLnswz7B96LKhTCDGH9KaBUDcbdQBs6w3iPYtje6bjXW95g8G9,Male,
265,18NfvjLC8QMxJTWBBNDc2K8PcuSb1wcqhq,Grebert,ookV5Zv9Xe9LtLybJnWfdcPDrgSb5rkGVNJjzTeiuDuDkdmWsYe,Female,
266,1HDPLY7S5srdk6Nk2bbAxJpyZDqkahtzYu,Jirsa,opChWer2Pei4she1KFVVxNn8QAnqVuxrTPPCEyY5L4Egw3invTE,Female,
267,16XjKCsJPic1sZ1nMi9qbNdK8UsPUv8nmz,Kingerby,oo85Bs8akHufY2W7jqjGn6re3xNt59f3CDaApsWA3Qkzv9MnitV,Female,
268,1MTavNqjtc7fPMXUhCkAVEBQs5xdfGGaWa,McArdell,ooNgwpnamKeYKnqT9f2ZznL2RwoFyzrsiVhk8cmbvWX56SEf874,Male,
269,174BL5oanTvSViXqVEcjMLJTMCuB5spJsu,Spurdon,ooondUGRY68G5ZoENaby3JNVdKia3W21ASW6Z43uN3M17pUi3Th,Female,
270,1CPppe2V1W5JDACTU92wVJHeAkxDjVqrZQ,Philpin,opYTRkMgQ3gfbyWv4UpgJaZzHZpUosSK8Ka5GbnUSUmYAUAXdy7,Male,
271,141ADR3WBHZcitcHg2PzvYkGwcJPDGWqRL,Fissenden,oo1zEwx7b7HYGr63BGTJqM4eMr1uaBULxp1y7eETGEmsSHMZjDX,Male,
272,19Uqa4AnXFbiTj41hfh5pDM1hbkEBpg3f5,Stollen,ooXgnNQ3m9VrkSbGiFwbANaiLYv66VEN6rmRkdskS52Chp1xvER,Male,
273,1EVTsGu8Fpzqept8ZyUu1FohYLBNrCNPmb,Olivas,opB4zTZy6wAovhSc7bHtVjxLmmw44VWXMUNRurXBBhThjMAmdP2,Female,
274,1MCg3ZhH9L5G3m9bHozh4ApGfZanT1b2G6,Twitching,onfzz1aKhKScor76EsHAmmRjFADpVCHjpk5taUekaej12U8ebut,Male,
275,1GDMnuVbAbzgEd9skY9bhPvu1QKiBrVTfu,Sotheby,oo9puHsKj3Vwb6cZQy8oWbVCbCMFiqRPWDkjCFp7wTuz7VFAJb9,Female,
276,1G1GjG6BwRT17G5P8mvBcKj8PBg4iCGAXF,McKintosh,opPyncCW4vY98ix3pszswxkiU1BDVa5bfGTcN3ahQrzqdFYFwxn,Female,
277,1M6LrpMKEJChAhnsSdGRnSqvAqBvbfkFiv,Dykins,onh7X4QJMsYbHukQzvY1ZFEgwVm7MoHNaZiUcmVKGxGqJEujYEh,Male,
278,1AnSVZDw8QArKGfgEu1agsJEighCuRdQT5,Pendrey,opQNbqpYcENDhWdkeyaAia9bfuR3nYPAbUJWGh9krdefpvF5gBp,Female,
279,17Pber1aWNm9UBFw5ze18tV6RKbi4uf2fy,Fuentes,ooZ6B9cXKdH3oaw1twkd1d5ZWzR4SbVaZ2DaJezvYQdA9BoiNou,Female,
280,1DYihDDqysU8XbjwSNU6mc9YPP6dBBZnpf,Ghio,opHUY2smXA9wWw9sfaqZ6mbaRe6wkf8kh7M7zuYku9xugSpXpjJ,Female,
281,1MBR58ksfe6UVSa5Ar3gkdSTcsrdyE48G5,Gunnell,oozjLH3WXwWxuSvAX7Jn48s8A2W74RhefjWRuxxyvbuSUYiaG4j,Agender,
282,1HAZnQ6PK9Xeytvk6m2h8A76MALpH4uUHL,Elsworth,ooH9YGd2XAmkXmqgAHqy2uJQf1jryqMf2tUA5B87XrEBELiWfKf,Female,
283,12RhKPTFNmuVQMY3PbctvwypXTTY1htiEe,McBoyle,ooi6SS3BGqVR2KohvoY7QQLD33tXqVWavAnZu2kAFQia4UXT6ML,Male,
284,1DQrn774McENzrEK7aP6pgU9UzFV9j2h5E,Trahmel,ooD2uxivVKTSYmdq4t29PX7w1z8W7fcVYNYUrz4BrEyRPirx9Aj,Female,
285,1EHgoj5S2cautLZhD8hyBDya5U7iPkFJnW,Poland,opDr1yEEmiUxq91Vys6SMCUJKsvvmk6rqgLWSxqTra8ZNVChTbn,Male,
286,12EPYoKLv3EpRei6zSz7AZgbRGBRMRHgTJ,Duckitt,onkcsWkjwxj6yMkMFYMBQjq9Epxx27kBt2XrnA4pEeTTjnPzJqw,Male,
287,1CE5kJRFXku3cwSp4HKTVF76FQSuaL7HV,Cordero,ooEdSZMEaZxaMP2A4FxkDcZ755DeQ3gQfRAvx2X6KDfeSKYFTHo,Female,
288,12ankAfRMyj8K4PVenEea16nvvvPZ3w3Sg,Remmer,onjfGyYdJkZXcjiqXzYqzwUgbRddCAT2eei9vGoHuUkegC8WobV,Male,
289,1HE46vx8kh86fwJj3xE8uvbysrWg1VRJi7,Speechley,ooGLM695j4vxvDBXuH2oj2eXnyf7VPoZgTKinzFfiLrbpccxJRf,Female,
290,1C3di8Bvfbe8YbwZNFUuNCtfVqCwe7btaf,Delany,opQTZiDoTynr3AZTinJtPNUqAA7DrLgvDzKXJ3J2xMfpWumkexi,Genderfluid,
291,14gQT5SBkDzs5xj9AyQt6PjjaLAunVufMj,Collisson,ooxSYPZY1SPwSSBr5poCko2Hhj9NRMrvYrZ45GedKHqFbnc1PKf,Female,
292,1K549uYKNuJLUGJR2xSVtJEcuz31AAEEuP,Scandrick,op7AU58hqi1dPKu1Q5iHbCkJ2LAdnjN5Win7bay64Y9cfaqNbT4,Male,
293,19ixHf2uSKrcUSr8Z5PV3eTwoM9oogH7k4,French,ooqvNHtQmsEr4JjDwfF3oX7pvKwiT5PyL1Uqfx1VirazyTBFDoc,Genderqueer,
294,1GUYfnGdDxT5YLCJQNPVkRjMBuVhsADQh7,Leyrroyd,onmEDHidHFp9ki4vjDeXu2fZVH6BR7pJNfFMjzXQ9hXRGqhrB3Q,Male,
295,1CnFtkbBSM4MMup7QcWqR6eSfnL3AZjZGE,Harley,oo5XBfbTiuhdZPLBeTdJdZfFq7tu3Cr8sGUVRzdC8ARmaKRAh7S,Male,
296,15eoZijz9GZ3kMk6BdjmpCpBSRdg9ucjny,Pedrazzi,ongEcZhTDDLvLNZd6QSQLWPi5d6TSnhnBxZ4pFw4V9QKv1epD6g,Bigender,
297,1Kkrkf1VmuJJ8Jx77fhTZyXckixjLP3JE1,Bellini,ooiEbj6ZYt91ZcyQPmNFi8aMj9MyomuDc2Gh7Tpuwh4WHuA8vuc,Male,
298,1HchKuTDT44RVyygCNToR3nK8q1xSvn7er,Brownjohn,oowptw4rJmMFeEHQupXK5r6Sc7fMYAEnyC4Qv6EfXdAehqkWKo5,Male,
299,1GMvpY4RqdcSwt5LbbRMq57wMk8296pbNC,Boatman,ooan2ssZ7kB4u8TBfEQwzXrFjHujVPMhv6nro1wRUurgNqNEyN4,Female,
300,1ALLmBk1co2uq8GKaP3ysdAGvNZQC2iYMB,Fattorini,ooBXzeCthLd8oiPDLtL361XtrTnXMw5Zwm893Pvfpb9pwc9cMXw,Male,
301,1KjqmRYtBB3JjbKakTn8L5G8unn5A1Fda4,Gerdes,op13zYwZQTh2nuXX7GMTWXQ5eFgPB2n2zGoUW9F9kFD3yK4SbPR,Female,
302,15PHFe664DX4U1tWKq4kL8y2NoiCNicsnB,Jaher,onq2NARMoYPDEc43KMqaGhXWjzGyW84eseamLD8SDUT6xxzgCRw,Female,
303,1FfaVx5bTVccYEpQ5uttJnhU2fBbZqypjJ,Midlane,ooKXmRXfEx1Sn8vF6CzHkYzrNNZdtwyxM4178pwD5mgdGzUa1ca,Female,
304,1MpnHgq1Q9XFnfQ1vfromv48uYUoYhpj1W,Rickson,ookG2JEJQsviH2cvNNRWyUdCsoHgnNktiDPo9LKc7YizLYGrMLh,Female,
305,13W5Cp39icpFcVtfmdqhDPKUir36XF9TSS,Giddy,opasTzbQeMkSVEDwfdrFKKT9DH1eHV35z447AEPopvv459ugcdr,Female,
306,1FHGtKuAAwAn1xBdLP9eDiev4hVgan6q5e,Glasscoo,oop4xnY7EJm4RNsFUy6E3BPHPH4A4BLwWYkaKMybQ1Fz3Ac1PZ7,Male,
307,1DHKeabhqWie6WjGyP1BvytQBiz1VL32JJ,Allport,oo5SyogMKDro1EvarrX8Yp5hFDn2e5ZgKm6UeAkvhR3sQyxcZ1H,Female,
308,1HKsx7FXftarXy29pASfgufCSbZZBu4cSG,Aspinall,ooVH5Hcmw4yVhk8VPdMVLxPgKMxoRjYvNrcqXSrmeU29JVduKvw,Male,
309,19uE5nfCMZhfqduVfTLrGq9RUDj1b4QE6v,Itzchaky,ooz28beQSSKQLJBu9yTQmpSBwautdDM51m4g8SyewGRRX97LPRG,Male,
310,1DBj1gFVAmJbHb4vjJXtk8spKfRGUNsqpc,Cantillion,ons6FGb8QxowYqbtpp3hXhEx5CxqhpBkiqMcuJBLy1b7hG1E5QX,Male,
311,1FdwDtucd3V8p22ownB3xtf4JqEAdogNAR,Kells,ooLKdVvHP2NsS1m9e636GTN2XoaaRaNhUoT4rV3SBUjeAkioPJ6,Male,
312,1JRs1hDqktdmmY2zAwJkVpVM3MuzK1N5E5,Tidder,onq2jZYk3kc6yG7PwfbqCcikzqPqmBnURERe9YXjBxcDSB3kwcu,Female,
313,1HEtGozecw8iDph66puwEhvhwxG4Vd13Fb,Stroyan,oomqtQVsbWaSVXpf1Tr4uREEhhFzyo7UZhP6GSscfxFfTvDZdyC,Male,
314,15PdvZtEFmhcnTpjqnL6mUvXY4PMhPAYJ3,Nijs,ooEytCzSXaVWz72EpGiAE75w76rVeH7rrfTY4HbniL5wWSspc2A,Male,
315,1AjEEx8SK8TBLyUhE1eAjQXAghq387ttqW,Latch,onmTjVmSCP4Df82LG2M4gtwCgZz4DiYsJvKzsqTVFfk3HSUWKSV,Female,
316,1DwtnHCqncuoDivBASxQ679G3B1a25fbqF,Mattson,onsaHUv3Rv4BkQPPNh7hFH2b7WPGWYJa3ufAqU7YUKtUwde72QJ,Female,
317,185nRy5QgcSjNL9qU35iUpxzpwjRzBekEZ,Senn,ooNiKDGdFWcLSZ6a7qYPLFhavVjNvAVEyRx9aAXunoS7L8XXBRQ,Female,
318,17YnQWCiF6gC4pRzAF6abQeou35QEUmkw5,Dunthorn,onevpxBFaRV9GFGpiCxgemxVNRVxKj5wL4tDHonZBXsLkfPondm,Female,
319,1Mywc7Joe6GMYLtMveJyV2menjeKpjPoGH,Hardiker,oowEGKUfNN3Lxb5dkqmBtuv76EWSD4tkW74aABDzHwoE9ANUKKB,Male,
320,1LR5RfXjW3RiNsCUi6spTEv3sC2uKWHMPv,Le Guin,onpwNBYpUVznuv6BdPcehnuT25vGndDFC9FU748RNz952ErkDdG,Polygender,
321,1Fot8FXX3NEWDAeEqbAvDjA2dNfs6X7Dj,Findon,ootbEfpEmaQjc8NLGvwLqJG3p5ESvkNT8VheRByym8ooZrXc3mL,Agender,
322,1Ed9hf9ymbY8KX2uoodMGXrixD99NQss8r,Vigus,ooVPjm28Wje6vxbbsu3F2v5wyMG1xj5iHFFUjdP5Af1d5gjCcEp,Female,
323,1DG2sZF5ABU4cvbB85Rg4KtcDN3DtybVwq,Leith-Harvey,opAH3QZqULChV8awWPVbQzUcBZbXQ4PSHdBZyL2cdzm4HL7X34V,Male,
324,1LcUnETeMdTWN8eH4u1JqKxtbEdYfwZ8U,Pawley,oocovBgJcS1izjFfRQTVoMh8jwoNtFFQ98SGjQv9tJYeU3kbxjM,Male,
325,18k818XPPBhH6jdVzyFHNWoiYNLfcD9Wnq,Rochell,ooPrDX3Dx1aMfTuo8p35DMCEP6DTudWdhAi5uNe8BJFTrWgSaDQ,Male,
326,19niYY8RTLPnv55sKfVfVCdBpkttTuCkpk,Dorking,oosC8vCuUJW2SmPmrDC6R4bssPBm76ErE1QBhwTKGSwB6ui7qhj,Female,
327,1Ht5RLxTbQ8qtJPBXfnW343CYbW9pAPH2u,Mandeville,opMHPFbhDYH4zKJvufSe5wYMEgvnGy5AM4woWx2Kt3rddpAHRSL,Female,
328,1ALdmoNh85t9afcAtZPvwm17hqLc86QCFM,Warcop,op768ooRDicZhsXjMbEqmT9sDU1cC9bSz3ETBQZnLCRARm8WHng,Female,
329,17txUDMtGJfc148YsPaacNLmtNMGetBpPV,Marmyon,op6U5LaT4QMKaWBJ3BmEMk9G8uxVFgQZ3dn6Rs58CAyaeweMLSa,Female,
330,137WBEUBVkcZb4CWmTehxeX9t8RPUbrbzh,Nozzolinii,ookHDecwJ1EfDgCD9YSeUzSzqKx6ES2n5sWnCUsKTHKTz1nqawb,Female,
331,15AgBTVjVnmnyfrZc9qKDcM2guqGkGNnqD,Bielfelt,ooL64Pysn8HAb2pSNNXDVcy6GMNpZ4L1bq4wPdrJfx4k4ujonyG,Female,
332,19n9fuyQyFpf5shcNGSns4z1TN2y8dXQmp,Espadas,ooxfzwZh8cfYB9jLm2usKt8sDAuzBjTMrBzzK9HVP6mJmGRafhb,Male,
333,168CqDsk2stq9CyFz1YdpbKq7KMQSZHxX1,Handrahan,opTUKRY9oGjzR3XJnyofBbaBxy6amgoQ48q7nsh7oP3bqs2yZRx,Male,
334,1Dk9fcgSGgLyUMvg8oivYsNTuWmuSFc3E8,David,ooyUGdJZz3rDcUarBkuN1qVajfcEj6UjRJdgY69VyRgdRZyPh81,Female,
335,1MGDiZ5Zr7hVgzzV1jw84WeT8QmB72HxXM,Tattersill,opVQP73AiGqzmcPaHHABuFsaZGnzgeDdyMwT6WZ8JBmqqztQmbe,Female,
336,1V1JBa4DGxxGcAgoPN44Vkkv6N4LGy3kN,Salack,onzfm7VZ6dthqiHMLTvVpCSLs8R9Dkwctrm4zAu6kF9z3EvindL,Female,
337,1EC4T12Tmhi9uD7VngYB3GGsXVx998H3hv,Hartshorne,op5NkKWbkK1aYLLeJVpmyj8sUf4JvuHhEccTT6GWuHawkEboRHE,Male,
338,1GSEYW88CimvW3UZaFvu8BFz1zWadZZXxv,Hearnshaw,ooM5QhiugPKQnqtFg8zVBQ3nwmvwr4wdofybevVG756mKKjnaQK,Female,
339,1EWsMv6ydffDRzmYYXK4Ly7kFB1Q8LakyC,Pocklington,op4syus9Jkzv3VyrXWD9NaS7sPRxcRhkfaCFNNrJGVy8cxFHW3M,Male,
340,149t6H5rAZcKjfW8sd5efpkUZa6uBnTXnR,Benitez,oousq3y8exYTxUbjQqUU35MgirCRejSgDttCSQ5oG7BCttN34Qw,Female,
341,18eM2jrVv8QUr5UavQgmeuHBfEatnJQaY6,Perse,ooRxG6PJYhe7JCvq1gRgSfKNiUR5m9x3VJxpckey8J7q19nHTsF,Female,
342,1DhqFqbydbe6HmSaKnLEcn6aGzz8KC7jk5,Tipper,oovU5Wo87zy4yB77uRZaWASqkxPmnGToYJLpwzHdAmpQUofaqBW,Genderfluid,
343,1KWysetExCEGPuFdDAYD4LGPJs32MHRzLV,Vasyutichev,ooMTakEoaYDBAJtzYhYPiMNrgii9rGSmkmwDpQcYTZkUcMgUMjJ,Female,
344,1FWb8QBNfFmFf6TxLtrDbBLiiCXmcdmVua,Burbage,oom7LnhbRVpmEss6sQgLVCyq9G4zMVTZFefYJabuG1UuMpQhdQh,Female,
345,1KoN8xbGZDxhkDkDQehxy4MPEpJpy69zaX,Clitheroe,opEzgDLL4PQnceGFSNrR7TJtuQM23XtPjs1hqtZFEDMYbkc3tBz,Male,
346,1HEiPnwKX5utJAh7EVC5nvv1WqsKCkcCbd,Mulleary,oo2qPp9YuJxycYbRaTu2uf5iYkn59qRLe1eiNTqGmLJy86iVN7M,Male,
347,1BS9n3gGB2HL9wGhsJq6xzZwBt78zX3jxL,Lars,oodB1n6Vpz55Jtzr8z1Kria9jRiUYqg1V4idJd4iQsChdRuj2BR,Male,
348,1MJqkd5ZNLx8YmEa3WrtP2JXBNHifKXEMz,Horlock,op95ispu6Di9c49MdVX965QYpVabURFa13TjWiPqzYLwEEnBxuT,Female,
349,12imim49ScHgGGm8SxeUXcjnTxa5vcSZrX,Fonzo,ooopmsefBMPZJQsU1HDurWVvSi4injBEyQ7BWTL2P9pMdeABSMK,Female,
350,1MeB5KtB2BAFaigjXwCku43u7vnrUFccqU,Yushin,oo2Ejb3rSyUyP6eEFRn25DQgPqU3twpUGAVZ3NmymUi9AuAmh5H,Male,
351,18482GoT6VGrM3cmKTcuaMwDLAYurh3rLL,Wanley,onutzSc12NgcbpdsyQZZ8JmW7G5GzmUnPjTRHTwqxe4UjotfYWJ,Female,
352,1NVJ9UMmiK3tBuQFrpiDvEBtcTAmXfpXQP,Winsome,oohrXfF9SD1FFaNFRHCsYmKijWRSjYeo1RFWYctEADKMT9nbQkk,Female,
353,1CUy2qQF7f4vF9FoLKiZS3PC1dChEPwJN6,Workes,ooka7ZVfcqb6cczPyZ2LZEWUoVd64wUdN6mXydU4aLKxaYSDUvf,Male,
354,1MUA7uXtttD4oh9GXskeUDJ2GYv61xtWoi,Raggitt,oo3Q8qtQzm6nXSmXE6GNBFbbc9bCJHpZiHh5q3VK7SeB5MHQA96,Female,
355,17qYpPEgM83UfAX24xyFyrzMpA4vCknAz3,Gogin,onwuWvxr6oS6TUkY9GgtSiq327uYsW7hnNUa8fNVcJ4gfN97Tjm,Female,
356,1MykB7hiPbtDpW6YXDT8fYpmhwUWH6L4pd,Rolin,ooiT4kzsKRzrsjysX9figjxdRhQomsKdf3z85qVPyCGJMzoT93U,Male,
357,1AWh2oqyAuSPSKjyV1eN3N8K4SSC5AB5ZM,Scuffham,ooK2ZpSrJFWrmo91pLFCMRJEcFLMKTTqhDr1y3rJxtq33mznYF3,Male,
358,1GzDVkqkgbprdeRU8vJhY7o7kFrBheGQBD,Stops,ooe6Xg3381GprHVFbHEsVnwAjzezYJhzZqrkHhJueT6eqChxk8E,Female,
359,16XjDSSTQxuyEvLLsmn2bvWQzG12P7BbYf,Hurl,opJnoHYhPRhcvovAyrrywX9bdnRrCGWQKxCWc6mR2Q1bdVCh2Mt,Female,
360,1Bp5w7GHf8HzVAUsx19QBKpUnfu4ZL8ne7,Stanway,ontSivMTfKBBHuE5vr3u2FuNQZpMU7ELC5kBKt1rCbiP6hXQG6p,Male,
361,1DDhgiYevfQToLZvLtggPuGgB1jVpoGiiU,Fryett,opZnAM4G96qdLoaxxQXLYzMKArBWChNrhxskQM8wKEgkK4d71DF,Male,
362,1A2D3iE8X78H4p779QL1VBf9GFL9243om2,Loveless,ooaXwhLjxLZ6fGJGzjnjasJGtQsMtAbkkMnARJGpsnf9qkpER7p,Female,
363,1H8o8NfT4ymFb7iBG5n7hYaURp6jXM4nAQ,Gayle,opDzofC3SHp1zTWRAyzxwFRGN2H4GcERsUY5YCdrm8oZkGKUBa9,Male,
364,188u2FV8yew3oi5xY5KCVCSuUaLVUduTJ1,Curness,op613UvKpf33Q2VD81gzxWfaVNmPsz8Fzyob3YuRWVFKPcQieEi,Male,
365,17djnyVPRzwWcbhmYxiRNywU1JbHfwtMNF,Swann,oo4hXCkA8e5vUybxiE3ccKDuMX4EdcM5AKQ618AHTkNETUCpQ6J,Female,
366,1BSNKL4xufpiAoAmCiYAVYFRwHHRwSdT4K,Linggood,opCCcx17YRCY4BqVQFQZXgoXS2imGuU2KhQJQz6QWMj9Kp1eDEk,Male,
367,19viSGka642gScDiEuhfoyuXS71iyoj7UX,Dunbleton,ooPVZ1MX78sjeb2xJEiRMWgMSGAhVR17KcirNiCDP7fGWsjYx94,Male,
368,18hiXYzXcLfjHMB1b49iDk84NxuGk5AkV3,Jina,opNDQhPaapzJPix3o2Gezf1huq7LW5HBggKdPrRn2xjrhDvYSZp,Agender,
369,165U5hD4z2o37RJVWdt14xteu5zeA81Fou,Delamere,oo6zUicivPM8a6cMLW5rntUQe7ZVptsEXUFcQsYNroDUFb5SdHn,Agender,
370,18bLZWsWzet6Ppo1H6qw8eMqLeBBy8JoQp,Timperley,oojUsWkdFuFpPbBp1BvwzeEGcw6aQHb1CaaqMjfu2mZMHTXmUWs,Male,
371,1PdhZRx9nCiRKwCPgHdP8TZj6GVfz78Btr,Boerder,oo1R2CF6GNchSXd9Vfzp65EdczHFfqYny31DKfpcCXvM9RNc4vF,Female,
372,1ChJWxFj4cYM2ttyw788YU51KPHJtDADUA,Shevill,opMZxp4J9trCEvTGZqJGAbxzkuWwRY65vnekEZJtz7qocYn838j,Male,
373,1K8kPPeGroRN1mxr3y9fpWaK4sNhTS9hgK,Robker,ongZ5J67w6tytnnuURcQq5ESjNqbjSiogjoNepR98NcVMQjowW6,Female,
374,12rHJj95e1AkEXv5U5zLTHMZTH6ajjkY9i,Buttfield,ootaPGcFZ61jX3upoHWxarpTWWFGjujZHymJBqJrwbnFE3xNkA5,Male,
375,16s6btvpJdz8YqoLzRXdkPic4fBVPnk8BM,Tunmore,ooj14WQpwLCKsduDUmuWNCN3JBL3xxvEaNhuriZjPaD44hiBAGm,Polygender,
376,1AEPw23aNCmGhVwwczmWwGeWN26Cg2tYey,Dibsdale,onsxV3Ux526fLasbYMfom7ckPQtNQe85ig2mvLpaGCyz1UUoMgN,Female,
377,1Cj1aZqLj5M7RrcZ472F6F5LyKbX2EMhko,Konneke,onvey2vXAWbbug4F7tWmsQKmjB2D78enDqVRZMMbJYrgeEeN3fc,Female,
378,1GrWqCSGPotXCKp51XzYeVF4wE3s4ydnLo,Huskisson,opWW4oQum6f7qoTgRYRkEtjD1hsDF1AiPSGYRQ3jfBrcfQgbryZ,Female,
379,18bHMYkURoGo6AhjsyrEcB1uF4BKxa9Ni8,Tonks,ooJ4Fre12KEYUKLMHWK8792FAsDVTui3h2Lj5sAJAZ4WKrSuXo9,Female,
380,15kGWqsNYCCiRDKrwT5wa9Fq79C6oHCHMn,Puddefoot,onta6rqovzWGL3Mtr88Y551Kh6dkv4bPi3JAzJUD3dBWuMxdUSU,Male,
381,1AStohpmuJNctToAygQ8fLqq75SvMobxY8,Cocklie,ooF8cGUKWhQVTvN8m7Rmqcej5AE4x4aXW6H7iUtKZtse3r1jYXR,Male,
382,13MAYiS4PvbXsCG6DgzqsPdARMX1VYgMqz,McKeggie,onjjpdYFRjNAiFRiKzyAmzxzJRfbQT4mCDvbFtT36qpwW1ecXb8,Non-binary,
383,1GVX4NMbubtxa2mP1L9bsqZAscusm7anHr,Petrussi,onzkfReDJchVBBHC1hGEc1WxxmCJQQik5gdiJcLafvS8UcWxsdh,Female,
384,12Ub6nX9HomTxnTe9BaNkybECWQk3VyoK8,Geelan,op9kw4D3YkTWdpB2xQuyfSSZcy6GyDy1AmpV6F239bLesRPXtbX,Non-binary,
385,1BKQahqNJq25FNrNGiJdxejAVwiZB4Sw2Z,Whawell,opZWbHJMTxwVccgVYzPTnCGjYrrRT1JgSQHNnGCMotBs8LJSiZ1,Female,
386,12zdBDfXaBso6gz8L2VLMAfAq4bvvRhUtp,ducarme,ooJ9RVdZR1c4p3kU9nrPZK2ULWhjuaCdVDRy93aevLnENcGSjF5,Bigender,
387,1Lw8zbwcibfoGHjAyGXQuJcEqMGN2YDxZp,McMonies,op2p7HxU43j7h1hGo34ePf57iGoYtiH6wsWxrN9v1DFjqbHu8iZ,Male,
388,185fCk4KUGU9zib3JGUbocjca7sAJMQyYV,Dunham,oo8e2xkYRLGbx8DmUcaMQ89FkfSiSTbTtzJi97PtrsepcrngwaB,Male,
389,1GhKgLTEm9Cp87Cw1jZDeqT2U2bFmfgJeJ,Nix,onpRxcPEueeNyR7H2zYYfW9Cim9rNLwE1HAa3vAw6hDhSSTU5cq,Female,
390,1Lza1pKHmUyAwyPFHeQ9swtcxg7LRRnvCE,Purse,opBJwT1zPnpkwtZv8qjemhYyjGqTQDmSAkPkszznEX2ssFbcgbX,Female,
391,1A3oXKsQ4T1aHhCwc96sEfuFmdSnMwoxK5,Raylton,opaZV18CCHpYXhi4tbjbvUQjX9YLRbYg1rNg9uAfJhdVGMuMNR5,Genderfluid,
392,17Jfytjy5zTHTnRLe7XtLFDZreKbQjTxAx,Bodd,opCspRi13SyNa3U5FoL3kBKoesa5q5aVPFprVJvZXfAewSF3eoT,Female,
393,1LNS2iDJvSaLzarWE8DCaKCy4KniEBj3iU,Brumby,onfqEVrtL3S1EqqMdnWgiVpD2uE2satnZkeF9tKYmKK9VK51M1R,Genderfluid,
394,13MtjWjiPutdhwzfovSvG5xgLkrsK8wPm8,Coomer,onwctK8Zva8E26jeWnBZEnVAPuHs5xaz19VQEDTb1hguJLka7xm,Female,
395,1GxYgbbD5jLwLdtfLb7KLAsCN5f5o4RjB2,Kahn,onwjzW3zkdNzow67pifHa5tdR1PbaXfhgXbsuwtvpRc9gFznVfq,Male,
396,16Jy8VkMHJx6Aim1axS1vepfHyAdeigPQz,Redman,oo1oYYgfRYqs8VAVuJoXUGHemGL5cQje9HLVvKi8rkTxSb8GZVt,Male,
397,1PUeQjgrhjxzYBF757tqa3KfysHctPbHhz,Burchett,ooX1mvt3vcQHVqJdZssqJwxXMQdHvcdVVZpB1bSmJyWaa2uhU3H,Genderqueer,
398,12gYtCVgSKgvnxpoetsNCXz3TmF5XSxfrT,Charville,opFBqvRZzAg4hucoYwwHSgePTTfnWdiM61Lu9Xyz4zMub4BWmHL,Male,
399,1CBGswtz2pQjduPQUrioQoxANUotpMhVhq,Harden,op6UyLriRFAybG999zXoXXkiN3Exh5tXT979tdch5FjSgFgcEHR,Female,
400,128vqKQGBNf9J64nmVGweaFQUuH3Y5RMok,Burkett,op4qS3ZHscXKJQifuQcF2JSSD8tW1QhRk7oQkVhNL3qoJksFKwK,Bigender,
401,1NxrJ4VcHWwNJy56sieP21WKCAmu3T8yk4,Yeldham,op6fg3oUNNCTKSwghHskwf7BL52Sd7Gncaa8XkXtFkg4ck324HG,Male,
402,1H3VVrLNR2EuiuRBFX6v1wrZPdWZdCKca3,Legerwood,oowyEiobvKqoND2C88n6P78mpbaLekucez92fJ8T2fLgyKfjuKh,Female,
403,19WU4hwiHuhBzSHFvDZgR84JU28wEoxubw,Camosso,onrtdF8GriC86rcwdZXomuZBsy3R9qZAwdvXRoeb4Mf3n4eFCCa,Male,
404,14mSkhqJHDdL3hXSMwyfFFPtx8YRuAqwo8,Gerhts,oo94KzR7LefN8pdbdY9Q7y3VwGioCnaTTfSmk6wpQkLh4CWvCNu,Female,
405,15cPHXtpXjjYMLRTN2N3RvyiYAi3tvCWCp,Reynault,op7K3a4MtyzqhTE5t1pnGCn28URZK6zhDtcuEC55bX2stA7ycqQ,Male,
406,1DxYZ5dYTxaMDqB38nEAns4Y1d6rsDsNrU,Baudesson,opHqXC94kav5SDveCXTBGyEEf9yazaK1tBbPD6N6EnXFhe5XUkv,Bigender,
407,1GDZbmpoecBjjpj9KEoDiHcDYzm9eDw4ek,Saterweyte,oobWTA3NdKqpzCgHF2HJqcvVHnFZCJ7PaKMEpRJyrLFZcfFxb2a,Female,
408,1Jz8TvGcexfEU8p7d2VFbsMTFpiXXnjnC5,Lago,op7bGQSWPyoLr5GF7VdYtnpPJVm54Z75ar2VDoVBSXe4GWMzNDN,Male,
409,19oKUCzjMqpW46uzUL7FGEUVZ2y2orijyg,Ansett,opP7qbJaukWs66aMNJ7QT5MEM4gW5D4STyjwq9rqFpV9fCCySKK,Male,
410,1BKy2VYTJw9t9WBfKLs7pAPSunyW7scqq4,Wemes,op3AJVbYyuPuGrovVC8HanvEEPz3wgxVLNyCbzemEPnsb28XXKT,Male,
411,1CNqu8XB18RKGN8aP3gLFTt8xwAtKW2fVE,Risbie,oneJsKkH2e5k4GHcmU1awLuz2FzVVNnTMLM8fdX7oioUeXzvSeT,Male,
412,1MCeCXGkQzDxrJy1Gq5sfRzvB2774hUZNC,Dillinton,opNQX81fU699Xy4STn1vmybvo8iTfyBr7RpcJBwNayyipNZGyLE,Male,
413,13gdxfTp57JuJcU2YcsXcfz7RMMy894PEc,Hanlon,opMCNGFVF1HPCdeN7mvbbcjqXtfLqsR7my97tQhn9H7FXKnTT2y,Female,
414,12gKLSXD76USkQGBQiNMKC77LkCbSLThii,Middis,ookYmBibgTedU51jsQefJrN4pKe5qFGYePSVJgXcr73P3kqqAcb,Male,
415,177ajA3eLGS8hhCk7bj4zvvKZjZA8h2bHB,Brittain,ooSz6HYGNW6er5r5rtr2QVYkeUzQoX84SD1kLsci3tHtyh3g3GW,Male,
416,1KCxcVR6xifyKW7BS7xobN8pJdCLDVD9E5,Chotty,ooYvsvzuagMTavsQoEcSVVcNhCDANj8ze1yVJX5Dy1R8uzr5NJZ,Male,
417,1AfcWWmUoy8MhviU3Kk35dNwbCJioGT6GU,Westnage,ooPbQPREJ2dXDMDEnh6z7yisiJfKmk6zD3GXpCS4mxmP8hk7J5A,Male,
418,1EpUY7rKmVyz2QdgGnux2NKi3gaP7NswXz,Peppett,ooMjFFGTrsXAnGz1PpLKdXhDTmTp1E7Kt9XRAuSennrDurqkNHm,Male,
419,1L1guLUK9CoLqXaWyyjDy1xkEnyBDCGdkz,Skirvin,oo84Mas3G6iZFCg3xXs7nrpYJEX45Yso2L6fpLfAZC3d5JH7Fe7,Male,
420,17PhPLFvXoPT7rcRW1ZpBZps2ut39jSUe,Joincey,op2mkGaQ76YXeenSE94x4FaL6KkkPFtm5fcBUdBfwiYzFQdqxg6,Female,
421,1Q8cZrYxAFoqyUoVR1hpLX2cQ1GBs7n9gM,Pischof,ooeasDtNPLE9CHLwKtQ2Vn2H8B3YzTNyxJoKUbJmztfuMPirWWd,Female,
422,1MbKr25Pe7tSnyRHJfmRVBEP557YVDoxmL,Lutwyche,opaXTZewTSwJ95J5oH9vphxcoujeFAcdc6nebGy4FphGmy2jA1v,Male,
423,1GPdjWWXTvS2V4ixnJDxYPM79K6xDVnbw3,Malecky,ootVhrxGf38xFmVnhswkafGKdmPvsU3msk1zP9ZuXWEm1HwD2j1,Male,
424,1M1sLFV4bJpwzMLPRLQz4vYaq4shRUHjJj,Camock,oomvX3YU71LG51YVNk6pbVksEJttvps6BhLEPXnixsdDfUksv3y,Female,
425,1PJW9sjnucixhqLsyqiVuX1vSsEeLrAAoz,Elsy,ooFojrgR8ZAQ9igTpKb3QQGgAa98vzN4tN3zSeDcsBzVQgCSm6t,Male,
426,15PTeR1VbbwzQMf16ZHvneezBrTjU1eQMm,Burbudge,oonesJQZC9GkCAGb3T6ZfLfFEcy2MzHM4JGzN9Fj8q7BR4nDSks,Female,
427,1GprJof7rZh4BaF1Q2MAtvCfigqvbxz764,Hillborne,oozKkDt4pDPwmM2NfZVMDbeM1KrL2be2A3BFUoSzrygU3u1qxpc,Male,
428,14xtPWGY8Ysm1VgnMe9hAvCchaRTdwJyY4,Scargle,ooRFcN67MQHZ1LsBnJMyix3bgYE2evt3zJbHVsoXGne9Jr1xfmH,Female,
429,17Xdid41YgEBR3P6YDj4Gek6Q1eRE3kNYT,Wehnerr,opSrZskbKVPqMwMcUwvRXs31xuvVk1jv2ZZAwwaTKfFf5uA1ucY,Male,
430,1Gse9Ew9ppP7Wkeu4dwbhj9TwtVcCM8iFf,Ritchings,oonHCZAuYK9zeGe59vysbBqdHNEWU3dELheiSgqKKDGvo3vXLZE,Female,
431,1GvaLTjTBpdYpSWt8VSmjxbvmATq88KgdR,Pattillo,ooWpXCf7frmzrWZQisapDgoTJV2toQAtxrRzzHFK4eAZT3BA9Sg,Polygender,
432,189GpHa5WJrCTRzweGSXaLAUSCojJwu8Wt,Babidge,oopcNvXsXa1mQaGfch8QqWGnRDDDJX8pLk7nA8vYYT5rjjeTEbd,Female,
433,1AxuqB5GKMJWn1y2z3igRtK6Fua4RCihZ5,Beckham,oodYVNftoYnCPYD3La38dYC28RsMNXiNKNXY32HzwepPD1SKiH2,Male,
434,1K5qS4trHAn5txezZc5q2oxQkySLcDPMLi,Chantrell,ookYZCGiKAbznFzgUscTZdtQfttoAwaZgQBa4mvEoeJJXVJyD3W,Female,
435,1HbhuEG4nTYvP9WdwBsrB287w7TuhCnofz,Wiggin,ooFHNvDuGSiUrPmpm67ac5PauU8dzjo9fmwxrjJyPJDso3iu5P2,Male,
436,196gWvbLBHxTfpvYaNsVuG77DsYwekJywM,Renak,onwpmncXPQ7miyn6jHpv7t73HqRZ9ey2ZhfuoiMn54SUffnYDY9,Male,
437,1Fykyf4Yte7yEuhuCgofpDSYLsXMSEBViu,Mancktelow,oonrj1sMyexYfwvxh4mBbiX4wo8U1DaCZb1LBDhQhqNV9ATqcyC,Male,
438,1814raQLw7Nx8p6vWsoCN8iuWzFwen7YVp,Ughetti,onjXHAdUUWYzJ8PMKptEEmRrLSWHgvy2X7hCLfDB6CaYLtgCmGH,Female,
439,15g1BqQYPPWo2PXo3ekGyizYMGXfxF3JNi,Maudlin,opHahxnov7Z1oQKg4KnGG4hCeCDaQPxQEqmg7mPjSKn3iXpryQJ,Male,
440,1ExvntEYaTE6rpevwVPUiZdhW1pLaK2zJ8,Lilleman,ooxVCsBcAXmHEf4Revz7fd9wk58yrHEwZwGJRSQNRw6t14JecrY,Female,
441,1Lwp8MK6WAgy1nFXQug6qTwiSwnriqn3M8,Coxon,ooiGXYnYK3UzwQqFLJLhTXKs2MPJT5QjgRFJyVSgNeDqdfCyyEU,Bigender,
442,14ngLbX2EhgoimPkVCgesD6hovnCYoUc9o,Pardi,ony5bwF1PSRe3TfFkydrCk42FZrajcGmfHaXjfrRjwzwm5mJFC5,Polygender,
443,1D1Mwcqgpq3J8mkimcbjTz53GZajTDfWQH,Amer,ooM3T1rHGSWeGgY4qt7d1dYxYdPNQqUgXgrToytyfG1HGqvRLw3,Female,
444,1DGZKQrDnvWLzJC1Z82NduwxPXUyQtLcah,Pietroni,ooUMxmb9YMjvxRLhL7rJsGTHUoPqsaTZQkQD9kgnu9rL8hvtno9,Male,
445,15YWuGNLnZo35v6HuLWUEo138Yd3Tphozb,Monier,ooydTcDNN1BVT2tP9V17hveMpy4NJaf7rPiBZp1m6zNPtE8hpKa,Female,
446,1N4gvspNdFU3D9MLB7GnXJYd8miCCBTXn3,Webborn,ooPk2Gd8N4v66rQtC7bMbe9MUZ7g7hpPh4bikpEfMGLzc5ZE3jL,Female,
447,156bFSYrHeuwLQLYmSLnoy1SKqTczZtaBs,Van de Castele,oodWtUPu6h6iU3EB6TMDxsDczv3BrC3F8a3g5StcSEVvRtAGvPK,Female,
448,1A4KMgzXFQygzZcW7KbGEND5QoXSVcTxFN,Saynor,ooTttePKRPLNrm4hmEefbYnBkLftHzyahwVJFLEoLGW73XZwMck,Male,
449,1G5FivsVUZFqBkkU7vBfw92uGxwoZQ6DPi,Harget,opUYJRPX1LagynZ2i5ivR993YmGAnKCRWjMUqkaoKLX9NVh34rR,Female,
450,1DWqysLgPeQyaoFcumvWXn4LTbA1dvSZ8g,Bartoszewicz,ooMgzLtgdxwmTrKS6bK8ovUqGmSGmAzRocgwRP7k7E9BUq8NjNU,Female,
451,16ThKwzGUHU9S97JixQKJgcVVgPU8MTmrf,Mullan,ooMdCUoU5PKKVk9x7cg8eCPRVTX772UssfiJDFqVyej2EUQVZK5,Female,
452,1ENbw3LahRzcgGzteeZTKeDDJKbtL5ir43,Jeremaes,op5s4uwp4sxPy4ngTuN98AusLEEcb9mrMEQGaLyuGLkaUpQLJNv,Male,
453,13fSAka2keqwBxhVsuwuZZwTSib85nQJPv,Hulburt,opHLSs8F47PAym42n5vj3nUCNQNwjfgGKwnV23E5xoCkS9BbEtU,Male,
454,13nSmNa5jL1yXX3DXhoS9AGUqktC5rS8tx,Sleep,oods9Cy5y2YumJjWFLQmq2EzkMd97BJLrrro9XsAEtcFLgKfePi,Female,
455,1HJFx65iD81NibU6GsZQ94BGgT75DqT1Pr,Old,ooUkz7fUkaYCdGGHxD2nVvSNe3wPE3XjiPvnvG4mgRUUYiAB3MW,Male,
456,1DzwSBvQEnoRYxq2jyedViB9XXwMZvDFiF,Frankling,onfVfKdeViZunX8yvd5tRj1mY8pucL18udcP54sgCFMxJ5QLzgp,Female,
457,14kXcQcLGtMx4YzKgwxv7HbSh7ygzSZxZq,Bloys,oofT7W5ACXCkMdawqhTRU9BjMrJf8SVFuUBwoSsLa4nA5ZAN3nb,Non-binary,
458,1FvQLsRkLwSgAFPNjSbQKKAKW7JU5g1BnX,Leopold,ooKStEd479t563AjYGUhK9wDeRnUxeaFWwXVv7e8m8HV5Z97y7t,Female,
459,1FChE54DRLwfCMPKERD6kpEAqUtXz7MRTx,Dearnaly,ooxxDD5if2SHFShyY2WBD6QcMwzSUqcPSFnREVaB6NoeUeaNd3H,Female,
460,1Ndy5AAhGN8M4u8bJwtau2dZd5uBjjVfew,Elvins,oni5HoXP37BtuPPjGs9MAAVWrqvyAbNQvHDkuqC1Y1jszNSn7wq,Female,
461,16TVJNVDFAn3we4dakBFfhkRQgzz8yxNAq,Osbidston,ooWa3r96Dpz82W7BvFyBhiRv88mdqqG4y9cufhByfZg5RgknnVe,Male,
462,17mMppokVwrKNKDo5kNUeSz4g441MnLgvJ,Mapham,op9A8M69kXEDZ7AJSK6Jz9Y6Jbp3eofTrxpCCDLXvLC5wp2NVYM,Male,
463,16CrfPDhtiAVubDaidrQoN9AnQaUxazNUe,Siebert,onhRBJzp9KkaF3FhJo1BDBuY4arPvwRaLzzrVov5hK2bDry72z9,Female,
464,1EsiULoNd5W71z5GHu35XyUhh4iqpWU7S4,Chaim,onyjcYAZyeeAf2pidjpfgtJwhxKtXUaddt1GHpXGUu3EJBzycBe,Male,
465,1JbFMAfFvaoR2AT6LJxsRGCuFa6kJkeJtk,Jacombs,opVMeYuKQzADdqs7uAE5AULtrMGoRWCS9vezBk5FUkXVyU9EjNb,Male,
466,1NZw3GPpPuWkNB8mSFZ1zqpSUGuafSdM1N,Eisikowitz,op3R2458Tc9PcYUqsdhGVMfdK2jf9HvMnAXcSZ1WaqCMsTPj5Hu,Male,
467,13td9oPGVxppABqm88pMjEUKw6JY4gBEHK,Ruprich,ooapd9V6gKd7oQ95H4hhHDf6yUTev3zwWLa3ViYowZ5Rg6KP1mY,Genderqueer,
468,1Jc12oduXfTH4VmevDBBv7WJ6pt8hLLs2N,Erangy,oou9ei2AhUmd7Ws69xggsxXrk9QjYJgzErZhJvb41jqSeiQPbj2,Male,
469,15WWq4vo1tTjwPoPguVFVZZZPH75tKWe4J,Lippini,oo2vuvpJkFz9DsVf9Yyg7hGMz7pdnfVUnALjf8GPc8Xa1UedJL7,Female,
470,1Jq2bjN7U7ZJL35DQK5pT2DYgB2wKkp8Ry,Grills,ongLLb5B5JXcoA1LLG4N8kkFRZjETDLsJCanNBN58ts4QpkQZoe,Genderqueer,
471,1NBEYGB1XSJRhpXsYdiJQZWPGCTXfUL3SF,Syers,ooesUJgkA6QnVNXW3aAD4h8VyDZHV3FtzCjgwnM3P9JediCFRHo,Female,
472,1CD3XerYMRQnwMRNtgzeYVgZNbU81whG8C,Cominoli,oo48B1Rm7hEtkmTWcVy61C582nWr4d4cUwzEPYbD2cTVGsfk3Wr,Male,
473,1NDuCe95AdzDgFGnXi4ZuWqiFytK2bwNNm,Snelling,oo2cYEyA5j9RwnNhFRWzUuTQ3q6XZu51SJk2Cw5s6UE3cd2a21z,Male,
474,12YP9br5aFHyrDCHtd8rsGvpde6fAv8GQT,McGarvie,oouYpn5qGaFbZKtb2CuWriA2MV662sTNp2EbqyXUoxnB5H5Kxo9,Male,
475,15TfPbUiPtB9waaKgoHRuH5s5vxqpM2yxy,Spinage,opEKsKSGgi9Q8dUKGU19F1yMm5PJktAj2gNgA2xgtjWLPEHays2,Female,
476,1CMFknqfpRzTHxYo5cKzMvX7t8rFPeR8JD,Tolussi,onxyFmvCkrAS5CsSYkRUBUSQ5r9D67B6DmPcuQ1trYYFK5CGhRh,Male,
477,19PiNzUj3smdAWgb1mEnMVmQbpZvKRr7sX,Miranda,ooAF92ysPUnqNDEij2493ejph6VBemobYcSiPEzuPzDxRcmNmFb,Male,
478,1MFfZ4jpK8EhNd8drXW9iC1kdV1HCuc7os,Housecraft,ooSisbHHwoiF2q4tjgJWW6WgBxcBCJMey3v2nD3A6H1H89DFCUy,Male,
479,12HVi86ezj6ZhuYhPZcyjfynyM99JZjUHb,Letertre,onmSieXqjUd9PtsiSYssSpC5jvhir8eWor2dxApcNLLiwxXR3nN,Female,
480,15P5XYm7QkZkLGPdYe2PQz5diWH8YRGt2U,Relf,op4piaNYPXcit3sS6XF8LfgrgM2GTJuKVkKH3Nf6jFgrbw53Yiw,Male,
481,13WX41htEXYovec93hg48aA4FoQEPx27nX,Ivakhno,oo7HU6PPcwXsHxac7WW4DvNnNGKMQ5xD4NExLLT7XpJQS1mfnnk,Female,
482,19JbqWYbiQHRDACG2VsMAPQuQ83voRF8Yx,Beckles,opVig8Fvpg6etAd3BParyFhGLpzDFQX1oGH9aSkvJVfJyGUbzJk,Female,
483,1HJfeFtVuJF4s8wny88wYR8uUqEWZ9FzoM,Galle,opGRgf7hoZ98VttafLtZghuUz1NvTTdV6cXnMZMBTTSZ5RpEAyD,Male,
484,1CWsjJSdz4UKNeijnRST1d4iL185K49pfZ,Lilburne,oomRH3pNrex8wzTzpaCfTgs8uGKpdRkL3e9uMLBgP18HXEEjMgc,Male,
485,1KyAWQsonWp6wVSWeyvefSnL9DAp8EbV6M,Ponter,ooyu5dwLJyeVWyFrqh3a1xcZxprB4Xj98xbWjdeLLcKUQgoB1wH,Male,
486,1C5b3kJeCUbDVoZJ6Ttjkx7Czh22gkg4jT,Piet,oo2s1iQXtFoFK9CBBssapg9jpd9ZqbZ9hATaQSDWduVru45NH9T,Female,
487,16ipDFPE2RnGqWKRFpLYYEGunoEYjjFrep,Jenney,opLWt7jkq37XNimmCaXXMvEmJwy8Ab7u8VyH1P1d4gLrh3rCsYj,Male,
488,1DDnNxKUXAHNbGE2xpybYK2chhk6StUKQM,Waddup,opRzZU4pGAdaddhqxhky4Y9dNPhCK44r5R4PHMYcWAPeMht7tvF,Female,
489,1EoJCiV8KZfXxLjscU2vWTsxM6HXFzjiof,Faveryear,ooguMrE7ANwwGNX2Hrx17MCx3DEWnhk1RNnK8PnirF44VWciE6e,Female,
490,1E35g9RQYQrxkvG2paqqUQ4AiKqf1A8Wet,Normansell,oo14r5CsQXh3fRSfAaJKYVN9sX69pjY2TU8ku4U5xxVLgpth7A3,Female,
491,1j6L8CHVeEjG3krHe5qyap8nY6bCjoUAj,Stonehewer,onzSwnjWFScSKGjHP3yD2JgUewXRicsU7j4cQ8SiDQ8BnmFx1qy,Female,
492,16nR1GzFtDYBJXEQXC9wBcP1xe8GBHkyv6,Hesbrook,oojmWvWXwKpMGk1cjyWSUUTjSwJE5bUnrLeRecQnnhww7sQFpop,Male,
493,1GdoGwszNAzkZGyMtaysoHAKLMwueJ5t3,Mager,ooi1bPppkJ6CTZb84tjCo4WLYpxJq9jawupALidp7VD4LdDK9C7,Female,
494,17UeEFj81zsUJYjUHhftTWqfBUhcsWiVVG,Draco,onzEpCVDHCipauCfFuAJFRxmNqqPhwCvSS3xtGjMcN7chzFgL3a,Female,
495,1PyXmnJ63QKM3Fq2ijEr9Xe9Jv787eowbA,Manktelow,oowyHmomwpZQj5ANLgEbTcJ2dVWXSRZDv1pM8zpY8v5z1TShLpr,Male,
496,1CAqPiDGFHhozz1DrKRQG6CdNsPaBt9Wgt,Snaddon,onqAHiCZP2MzYM4mgvCQhj3fSs1udFUs5xSQRAcHFBBzFgfF4yU,Male,
497,1FJy4Hii7EsKXS7JytToB47mG16dCpyEKo,Mauchlen,onyb8czgzm3NUL2bXtwQSozsZRadTo4tFUv6b55QJYU8ESfiMkY,Female,
498,1DQiauKdHMW5PUF9gJDuzERXbu3JUZkxg3,Pepys,opGNDVnLWkWrgiTzGEK6G9vFa8Yxfr5QMjcW46PS7XVEcNBb2ZE,Female,
499,12LfZ2oawT2sLwsyNNSSSmGFC53BGjbCZS,Westcot,opaLWyXoL7L6ovJ5JtHEJQW7Jagwjs1QJ3VgrUiVgrhqF5W2hd4,Female,
500,13NufLTjYMYBfqvzRNTPWX4xshfg3X14YE,Minichi,onfQmMXkcen5Fsp7yVDp2Nh5em1WWri54vT84g2ojrMhNg1VhVj,Male,
501,1AHKFsgLwEecncbyJB6SsmeQRAoKL9PiCa,Duckering,onq1xMFmL1w6VPWwbZyUDqiS53MeZbEH9U5WVTstDnDGkkk1oLB,Female,
502,1LaHhad9UrvPpmC3gqztSpbZia3LEL7G2F,Garner,ooBgUqhFrGtdB6QLtj4mvMB7CPHHWgrNvVrnnymvvciZkD83fR8,Female,
503,18Sg6vYySaZe12cgDgvpUobjY6HAFU92Ff,Whittuck,ood8Y4AcL7CmMh8tGQUCuoHBb1V47CPG4aTKXxsVFAmeTYKKWDC,Female,
504,1FNtn3Qu27WaLZi5kNBgP5sZRcG7JcPhEy,Klimashevich,oo7d5mYDUTkHcbAQABrbHsMxYNJb4dSrZ6c9VXHpx4THVtpPAMG,Female,
505,1F13Wom4RFGjDnkeqiXw8BLhvzVjzjFz8g,Sexcey,op5CdRfTWrPhEZFa7f6cQengdrZJDyRHKg3Un3Jvtu54zk77zLt,Female,
506,1NoN1aqFeaBSKaMSRqk4DherNLcpd59fm4,Dumberrill,opZcN73fLbv5nWBYVvC7dqWqF6wwuL7TkvHkKVTWyEU2UpdVbrb,Female,
507,15Ryart6tawtmY8R8zu5fHqEe9ZgosFiok,Taw,ooSg3HsWx7RiEFTdxAaxz4ba2DqQr6Ato82K9fDswDWXzC7LRgU,Polygender,
508,19BnjNNJnvT8dNQh1C67zmu1ArhnKwnm8s,Bariball,ooyJ7NtwE3UP5Tz26tdj5B38mbcbC4NNHgNHNdi7JCiFK9Ewv5t,Male,
509,1LANDMYrrvtgF3DEWWH7YaFMQWjcQZzLXX,Tale,opHFyY3wNPS1qWXuKr5KnCoNX1CPfoeQP4ArZEq6pFvjGGX2ijJ,Male,
510,16AiDe5vCdWhkbQZsJezkyAMyGRZJerh2N,Stoneman,opJqCpSZtT2RVL1ARop92n6QXAscSJTXRTQiScLi8ALZ92b1ej8,Female,
511,16rgJmcyRyvzvZUSCvf6a3aGJLUXvgA3tP,O' Cloney,onqAbJZW2D678qb8agZThpU5UQX8sqUkTphHPiqVbbPP11k8mpL,Male,
512,1QCgCnVbh7AeJQ45QupfgbD9qwsziQekJ3,Crosbie,ooazgJ2PHs1ciqNSK63QLzwn6RPdLjWpWTZqL7MWupGK8rABDUQ,Female,
513,16cG1tg9gTqjhEKZDECzxN44VCQFtY5Mis,Neubigin,ooD8GpcoNkk8SgZe7LtsJXaRJzLaHbnrxFzhxETfMcBC7WuKoco,Female,
514,1ExsyfAXEYRjKaozeHFeTW5L1L6zo5oRQX,Debow,opRpy9vvSYCKDpKw5VfHr2L9FsC9p9QDTr3gPZXrJ7rJSJgVYgk,Male,
515,1JezKrwRYR4To7bjbw8cakuJcSAktF3ia,Pulhoster,ooJVeY6Xsqn6V5H7wF8zbPGYdJyrbEw8FNPp21KWWGtLC15j1do,Genderqueer,
516,19rPheTKdKP2faUmmQqcMUYS5phV42p9Wv,Basden,ooT9HFFaTD5w27LugGLXdD6YtpBAVnYWPNxxscN7ztgzgf5EbaP,Male,
517,1Bts6WUVJCXypLAsmgafWJdxp18XU7EGEk,MacKartan,ooCAChfJYwQ8Z985BbVvLUXGvQ3hKLMTFyMo2eYiAmfg4dyJurB,Male,
518,1JnYQKHMT1gdtceWg7xsLmVPrKQgZGKNis,Bedlington,opV4WsKqTY1kTnv4DzLfR6MGtWbdi7w4Rap6u48nzvQmGq1drjC,Male,
519,1Gs7ugD7bEkQrQzmCQGG63sQDDZsMn1qKr,Krol,oobWoUhssMKXg51T3uNb571CLutCFhP6CToAd6pWwDQCUUsvJEZ,Female,
520,16mZHpojkeGcogY3oeucLTWGKF8ns9uuxd,Scriviner,opTPEkPXAkR9PrTSW5JnHp8xcKXnuBD6Mfi1KEL1D8ufru7Vbkx,Genderfluid,
521,15kqECzZFsFcRy8UG59i2qUH6JjHxn9uvw,Daysh,onjBc6qTNPJhUM2GKP99p8nQXwZ4XyvjzEqK35EEwdjXtQJa9pw,Male,
522,1LcNZ14fyBtGEnZbcvGYNrs4nRskiUipfW,Martygin,oodsicQrSFxj4RWJVrycRRdyaFaELtazVzijp3gkKMGY7GySGNo,Male,
523,1HN6xrRuCyzaexJQMCd59V8n6T582iQBct,Spadotto,ooHpBaVwGxcw4y1iQTor3WpGZSD2hNw2f8YjRGrFViapg9iGiP3,Female,
524,13BGCSFmoGtqQUmC6crr2MRhXcPS3Go3Rn,Tinston,onhwp7EX3CfyNGQstWwhxNkNXNXdHrPAMgzAjWDo17Jfh4nRoLC,Female,
525,18Akx5z7JH1i5VY5twY1a2YkTi6i7pguUZ,Potteridge,op2K649xegGhRfia9hYeC1hEUhsCiDWzdR5GF7wACV2obSQiLk8,Bigender,
526,1EgrP2SGem22Xn88EoTpCS9pefxK687EVs,Viccars,ooM2QhcTZD5UiSvSspnSvkzxWPJnPz2r3W2kswav6AZoey2K4UG,Genderfluid,
527,1EGTCGE6HZzQXvHdSf8kUsLQEeGwuiT1S9,Beardsley,oorFDWsQi842qpEen2WehyUAjqRfwrDtorBAnBGm9gzEAvTdAYf,Male,
528,1Je8a1fZXe2BR6SU5JL9F3Uqgvf8AA8tNt,Gegay,opQtF6e5qhSatCSM4XofxryPZcuczS2eH3nS3c3RJkRFJ3yu9sK,Female,
529,1M26tVeMednZfp516CW61zwxBEuju5S6X4,Parminter,onmKPwi6sLefLAAhgbgjijd8goUF1eFBiakVzmK6R9faoeycSBU,Male,
530,18RVZgunM2Txg8zkKsnAP851sUcHtiympo,Kybird,ooxPTZJtDkWScZboChxHpndEcRDqztjpqQPiNqikp2E9Tw19iZw,Bigender,
531,1MJP4yRw15DotQ7pwihoXj6qxNHq8gNWwi,Beagrie,opHbFCqnUHKE8SbZ4UtCAm5aq4sTxNcgUNNWQ8d6RYWhW7cdDmM,Male,
532,1A4iHtPcaruxW1wTyjCBXBpiecotNHKgp3,Santon,opJTe5REYwrw1Rxd6D9knAzjgpihTBRNhzjZPFQYR7BfmcH5qT3,Male,
533,1KsENYRmk9EqEPg6wBY1BW4DRSyGPumPA9,Poulton,opVbKvZp8iMYSBrRNfCU9mWqRq7djwnHXMDZE7dGFt3ctmFT7GN,Male,
534,1JLLW4TSEa1cbMC6AAV5PvfgNsr76wDB2w,Earingey,opL9uuNpRk78xBnYEkFG1FZ6oxYoWjoQQd7hZgynUoTGbmVm7mA,Female,
535,18zPXnUc3NfKst9fpGDnTSrKuqnVSJbfqk,Fitter,oo58hcizAWfZAfcJEvnhBjkfokAhCntoApFJHUyDkow9KhvTJLA,Male,
536,1678b6fc6auFYeDSNH3UwjoZ9n6CRcVcDr,Annear,oosyxyfz5K5PWirmTGP1EW6EGr2isxZihCDeE662KUquCd62esh,Female,
537,1ADvyPdFKA78eoygyWVPWdSZ5m497JGZiA,Bewshea,oo6SUL1yHSWEG16z6c66Zuxfmq4sHf1UVppziKvx1JzoVGGGcjr,Female,
538,1FMcirzNPVnpyRgqN9pqtDnGGMUXevdjZk,Abrahmson,onnHqYZ7SPNUCwsLQ8d9J1Ckdxb153RDr9hUHU7LjXATRZpQt3A,Male,
539,1BMwMsTJ1Y5jjhmXrCYKsTMv91urg17Shk,Le febre,oo3FjyeKJZ1ErWW2uSBS81yWrxG4wLqtMZfyVUVJjyCNDuH88vE,Female,
540,1NRJTAb6X2By6kYQiLZ8txRieevj6K7LRh,Beek,onv9gohaoH56SU2wVjasdXEj6tUHHet8ubiHB9a82utERLDBFee,Male,
541,15LeVeQg5bFVXDSDeaRMUL3LtoqeSPm8HM,Stockhill,onqGw1EG8BycSwD64MiEzKx7UuthF4uq55L34a4N3sHqraYDRjy,Male,
542,19pUAkwGXeceYsVsfmV3dwtXYCZY3W4v1y,Warr,onoBF7Um8WhStA8RvcVdQ2aLDbzgemMkvSUUeN5mqnQwBfsYtvf,Female,
543,1GYM9B2SH6HNAACF5euvKVoCD17Gv2Vi9P,Shoutt,ooKeydwegX9C9qCJ4a5c8adD8tEh2NxuhA1ai6ou1xSW26SnPSc,Male,
544,1Co1RdWYgntZG6r1tbvXPVSyLyU7yoFPGY,Philps,opUjyaqYhMNaHmPdmDuiJL6Mox4ZW1F6T4qNJDzGPcekSeDALEq,Female,
545,1NyS5ohz17JRGoRBzzdZwKi5SJpn3ufKMg,Wenman,ooGwoyYFR9S3JPcfj5VXSjxN9wcQXiEGteLrf5DXJ35PGugTiyE,Female,
546,1J7kmDyTLEfKzqUQZdQPdZjpJHW2aq2Ymv,Germaine,opBUoniHoNiuhMAhrDSWLMxbdP994UeNhxFwG7kGAN2CT6oKH4L,Male,
547,1CxLXcYr4AL85m88iG8aUpsP35LXtVpb5f,Jost,oo7EqWG99ssBJDpoxdt1LSyZFu1r53v6HtxVHBTbK4HFD9hUcxJ,Male,
548,1NTpBriF5cZEeiGny2hBZbc4P4W2YdY1Wk,Corley,ooQYpc7McrayvindBWf6r3MC1yVaxtt1YSW4avd67h97VDUckoY,Male,
549,1GrCQzhrQe8ik6em4m7z7hao8JsDbv8g16,Guitt,oovWpSae6WnvCHsZEqjkSt8rXtNv9MoEB7UhLjXRnSuzyMd5cPH,Male,
550,1HvTjrTzvEv2EZ9ZnBFURwJP48Py79e59u,Creyke,oo6jJVfTNwNNVQQayHmNwW3MVK1donftwubqUVQEWh3HwhXmbCV,Female,
551,1Jt7m4tpg1o1yrWPHmaMRboevVuN846JYd,Curness,ooBaUHwRSJcgZNKCH5KAaQcQRao1jRpku9um6cRQESf3Sv5UGPW,Female,
552,1Cdj5MWRsYaAWUKkXttxeiWBoLDJHMqzt6,Kenrack,op5QV7WdorqE1ZfBT4oLNpXufkqfFWruHJVZTXzKYa2sGwCshVg,Female,
553,161CnZeQ5YkP475fmfcnNXGPH81rXxByqJ,Coppin,ong6bp61B5oD2iv6o2ecH4aBGnDS3TtTdxKUFQ4v8F2xkdqBccj,Female,
554,1LME9zqKRZE697ZDWN7ksCrh52BfENi6No,Arnhold,oonJdRnCc6xEhkF12yrKRanaAu9pHgh7iTRoJy2Eg1cn9knGoTd,Male,
555,1Q6eHJXf4j1yGDT5gneLVnMoU1rCWxCj4z,Labden,onnq9avykTyCWStUzr361crFwiMPWLYQg9bg6PR2yYuLdzhXqjG,Male,
556,1P1vZvDhVX16HX6DH8aQWx4XqNJnfABM6X,Danks,oojLRw1tXUBw1m1PSYP4bAkey1Q1tGJ1dEfmyg6MWBpGj4xvDxE,Male,
557,1HzRiSFKjoQ5b5MFgrAsPVHsaZFfMcrvD5,Oldham,oorDxFPm5wsYXHxgtTqdL6Bc7TV26RdxHQYCXXGHVsx11Qa9ZUa,Bigender,
558,1Jy43TS6z6B8Vk8zvzXsdxbrNJxG8ooT16,Brommage,opKtqN8JPErZSYaCvEcw2h62zA3JuqejEcv4UZJbfRPcvRGWW5B,Male,
559,16j9bRARJsqVGsU36WGbD5SFrg2N8U334z,Lobley,op76HgN1rQ45AqJXtkGssreFdBo5CbVzyP6iSFhd1UQ2TAKtmAS,Female,
560,187ai6UUomnp6GvaApU7ANd2FPcLC7oMxh,Basezzi,oogxgsCB6z8AADqeYoXUuU971j2dxutmwBRnb3NaxtfnqtxHepW,Female,
561,1FZdUHq46uCkKU5oJsYfxbAaMGrWC4KUvQ,Maskrey,opHpmEFhybXHToZEkLnyMEbc8Uuo3ku1S8bNp9PL9dan3E5i7ZH,Male,
562,1FXEbiX7Ebu31tuzu29FcPaRckjZtThxgR,Donett,opaTvs7gSRNvN9bcN5Tx3JFPBtzGFfVm4HtU8d5k9Tc6i1nncUz,Male,
563,1PZGtud5HGGC7bmj2AJSduNrQ6c2Kdv6fZ,Cooley,ooWsPaPQkj6TXo689K7q9Y1ZvzWvkH1kR4tgkNDrygiRSmcNoaQ,Polygender,
564,1PTfhk4CXj9uuhq9u91afozvexVksj2QSk,Ianinotti,opAbBDBZ7tnZNipyKULQrGr8kz4xPjVJDUT1CuFSL6W5JEijjkn,Female,
565,1DRN34jXm6DFW8ugzP4Sv2HPsctxxSp3ZT,Sach,oooAmj3EU5DcWrBw4i2Pvrzm6ivKEhr3TPLdA2dBfPbRyCuiBup,Male,
566,18j4RSWCh2VnjgkAjiTajhHwGNewPW2qxA,Pereira,onuHSWkSjvTuG9X2PnsYhSvxzDNkPEqA9dCZ4E6hewhbrEbPMhc,Female,
567,1Bzzk26rzB5F1SHiCjBYT92PrTRpBeiip4,Glisenan,opXQr2YSQ5zkAPE4rsC7H8ymqPBJGJDVm9yar4q1sDMMzVcMcqG,Female,
568,1FRZcbJpS4YY7dGDmKq7GLFx19hL9rtZ63,Aisman,ontUsViBUufPS7NyZ9w6pP9kjbzDfsgLVa9LXYzBVVQzjcppdR4,Male,
569,1CRV5tk8qknLouQMAFRvSyePxzxLM9sTzj,MacKimm,op7f36ZjgckHiY31ezpBub5bSi5ap3DfZJSdb2JTAzS8es4b69w,Male,
570,1JaorT1TbTmmnsmyTKGnFaRask6EPaaSav,Sammonds,onjsiPgRBFRuV4m6EkWZTFiKbQuRZFRdWgscgmfMny1MFBzJU1W,Female,
571,15FzxnzSMWBx1ecHW7PeQkNqGRvcuZwohY,Gioan,oobvF6QJ9Azkzfsu67VCPsKvL3z1SDYf9U6xzxQTzsmR4nRdgzi,Non-binary,
572,16kSjGRQKnofC9GyraypTy4qzYmhAYBBF8,Shilstone,onvSgZnveFz2KnH1Ph25TtrD24sQESek1H86GHxLkebCnNXdLBQ,Male,
573,1JwBfx359hgB8mKauitJtmWs4SYf1nY9Gh,Rosthorn,oonuWd5cX2qu2rhomkjX5nNTbyGiRZSo9SRwSyBBjErm3hZZxK6,Female,
574,12byRG3HNSBLSgwaW4GwQxDTy7QDPYGSyX,Low,ooHwqKJqpmhPfUMz4aXugtyfw9rbLMUckRcLT2DaVcKD532gueb,Female,
575,1FHxSTapHXVxK4vsQmDUCD511tBGQ7NUKB,Antonacci,onvTpRK5PDZcydnxa9x1aHbKGUNv7GfHcEgeXdPGSH5gaznQRFs,Male,
576,1BuMWWUJx9GWeWEfBaQZvpU4JGV4EV96tD,Bohan,op95eVxNoCQsnhRShb3MtcmeHwdPqna18LrWYVRvC7EXr866TTc,Male,
577,143TDvTAXeRh7vvLA4Djp7tMoN5saXsuE8,Hubert,opJLcydRtE9BjN1ridC2LMKU1jr6xnCfVo1mJnKSXvbAuS4pQQa,Male,
578,1p6gSn8VS9ArK8ErbkkwJzR7BFwcCrnRF,Lapenna,op74t8fy9BtFQLU3eYfcvtGuGtvVAVKbPabk4KrG2PELoP1xucb,Female,
579,1PmGNrSXt6yoMH6HrnL69Mipx2Ja9K9JZs,Nickols,onhbkgtHYfkZYDuEiBXqq8Zt8Cqac5BDUVtehDu1f27TRM4oxKo,Male,
580,1NVVc1QbvbC7zdH2VMHbjK1uMYcJVAaui3,Couthard,onvc3wqVUA7ggZBHmnbSLU7xt5JxAc7Py6j8pdhRex4CGeR61cK,Female,
581,1Mzx6Y9ZnWjd835pPqHGE7SXnBTy3FCS4z,Bodle,oo3NgA4cuQuUD4cX5KySucHpTkUSoHQMCkSAfbEnpKPzXxx5Nnx,Female,
582,1PmdQztTAgDjxtj3DJjJdd1zZryAQkpnXW,Eallis,ood9wU6Tuk2vBCBMCfcT5uuzUFTg2NThPXreGZVvLE55RC7Nsqd,Female,
583,1PjAFm1T34h8WnP5sZFyJEhqE9Mt2ZLj6M,Kellie,opW5tp6QbpoV13TaQjJgoebp5A1KMZDEoYu7rhGnBsaQRFG6s53,Female,
584,1Q2PoSKMe9aa4AH4ByVKzqfiTehBUyvSyg,Sang,ooCUJLCZMqvh26CmemJuUM5d7NjCZszbprkusvV7UGqYW9jE59M,Agender,
585,1GM5sReHHPfLyrvJKRy7ip4AmfGAGhsvan,Reuben,onn8crp4fVd1stYpjFGzjA3fmdRL7Gyj22ES3zWovXS3cvGipaE,Male,
586,1Fu9G1AAg3sbABXJALzQDDGL4BwGk2icd1,Capelin,opHbfDe9eNDNwn9WhAG1yhuYSHPNWVD2H7zBLbh3uG8n2LMCibh,Male,
587,198G3ja9F3WpNQCQ5dyaoPxiDxiyACGUXm,Ambrosch,onh7wxCMtJXg39vX16QAeioSdwpw4AdJ4BG7w117mRavXjRN5Vp,Male,
588,1GYpQJ4yoiRqR99CK4gzck8Nu8veqhZbN4,Ivanchov,ooMTuRdw2zzqXErky8BETBzK6HvqtGRTj32U66NvQP5wsx8xyE7,Female,
589,1CcWtAZga1cK97bWvMnyKmXf9VTLzG7mKq,Tunnadine,oopAXCzdMpVhJPWr2wj65EUjSs2hMRFQqaXrEPDiz2bp1wVkJ5s,Female,
590,15Lzr9Ha3cgXbzLm2AvNm9u6vXTyH5zSRv,Jeandel,oohoWmZhun2psirSj5yJg4J4BU6FSjcvUZbVHvY1MYP1i8cayjS,Female,
591,1BRHSXPxASvEoMebFY11LJBPjNo2mYZdmm,Oseman,ooSLAJLq7gzSrDAGxUYdyzS6pvfokDiYhn5yAcpnt8Fhhz7f8nG,Female,
592,1Q6CoBpTrBSVYLpHGbcaa8eE6mz4fXJH2o,Gabbott,ooTxtqNjDfvcfn942JD5tUcNVTU6YnpitYiHHLdA83UGhaJctoS,Female,
593,14xrHA4mGS5GKxcgzZXxGVQWXAi43YQ8ba,Pedrocchi,ooUU6JVNeL6g3p9cdLnDo1YcAJwn6M9XJ3nV8Gma4JfBTR6CghX,Male,
594,1NRcZ4uL3VqKms6MuRxbfwFi5MBtkqshqQ,Tirone,opBRwh11xG63EpomwL6bJkbCRAtocgJNPFFLvbbAiseuSd1wBMX,Female,
595,1P53Htgvw7i63A3Jd1SY4LP35XksxdZxK3,Brooke,onmYmzDw99bkawgQEgiAvBh6seBMSTbMfGg95ozAVKjo1mm7X2Q,Male,
596,13h6uvZdNJThUGXeNvaLze8h8bxQTiW13s,Ackland,onu1ao5wdxRH4QJyMAZNLRa7DaoGtd35uN6XY5wGbJC5PFUqHXT,Male,
597,1XPMDigPWpUgZLd2Tp2NQ19K4GskzMjcY,Briffett,ootkfCovvp9jMP7ePcWPRHgmA4RWpaMDH4WVLvK83tpCScBifJo,Female,
598,1P9rM8WmJnt13pJ76Ttwtct1f6L3iuCy5r,Horsted,oopJ5oYZA8dYmu3EaLDg22G7qCJZg6BQpgZqYZXJNkfAakikbDJ,Female,
599,1QFhYDb9UbA8XSzMB7HAyCfKh9WUnH1joE,Phippard,opVij2AS93aqgLgvwNauCoPt8eJCGouDAaWfSzRg1aGQaqfo4jr,Female,
600,137YjjSg3HnGoxDRbWfmCtgTKjDwWeAa4S,Barnwall,opQvRB7iuMrLJzNadXrguRguwpuQMwD6Z8whsStruoXmbknVJka,Female,
601,148szobpuvtHRnae61Ejo4htF8MFWDtU8E,Ferrant,opLfvYEpRk4QR45YUn5AsH5jzoZZVAhBg4wC3SwGs4FjHNqcx2Z,Female,
602,1J2Mw55YbKW6Yf6TnP6yvTLKcTNCSJcfVp,Kinnett,op9mgk2KC84GCCHkLX7915UkjYjJwg55ZhPuxuCBnQEeP2nfV7T,Male,
603,16whzEdtLYcT9kmCHBeFr4EnLSKgE8WQmu,Sherme,opPKim4Z6K6PTUZBL5oPxqZerr2uYP8Hi7YNZwhd3zuJkBkNkQ5,Male,
604,1DBeeXHucmah5AqT6VHJmAeaJsgJRWqiaP,Jowsey,opXQe8Xt9fjyHurf8xey2VHu9d2jGxWux9M7R39XifJCVB6JFpb,Non-binary,
605,15ySmUA5kvNCifhvAXQXwfvMg3v3f4otTJ,Carde,op1MZ4a8iAVARbWt2EzEPVybfeu8p7UP7S3a4BwZYJ7C4gdRShR,Genderfluid,
606,1G6ZB1W2NgYMmTSSQRbqKWQBrXLxzKbes2,Tort,oo6rVvoKKS75as9jpBaMBbSXc4GrFpqVEbTXbLez8bsSBm7LwiW,Female,
607,15dahJXH3S8b1sWMJxy41UYTMgqfvH5u7m,Hicklingbottom,onoDJkD1T9RrY78nsfjknppNjhW1Bv2v16EkzAKKKskswprmHXJ,Male,
608,1JdMEGJn4mFjW4y635KWKJdRWJRoicFq7w,Ashfield,opGGjoppGog53ru8tH7qAEQuW86oJCk4tpaKh85Xv182T5tnYkP,Male,
609,1QAZM7jXxb1Rg3JNjYX9CtQLVr2cBZEhSq,Prahl,opBMmwYKnBKuVMJkfvhqRviDjR9mq84SKKr5etjfEPhhxtG3k27,Female,
610,14UHPRJmULRcdS1n1Fr8SbsG5oeANU9Brs,Lawlance,onpPwPGR7ZUiCdJFGEYmRrctkttTXyPboH3C4xzNQi7DcidkMBc,Genderqueer,
611,12P3NbYjkVyPeJjJn8ntYMv9JqfQhnXuhC,Gipp,oomJPUhSVCx5tjxkpjzGJKSuu4uaXWxcZix1zV7UbYXaSf1eCjT,Female,
612,16rvgMkWCcq2x5P9V3H7k4SCqRbx7XzJsY,Frisel,onfKMsJfGV3EPVHUnMCtwUa12nN2ysKqkLGAvGZPZJuXU3eNvU3,Male,
613,1MKVrhrvdAoKrjuWKcGsVfJUbqt7cjca3U,Records,ooV59F9FREKjzCondVF6GUMWg9Da3Wo454abMKjg2MdTKZKC1uD,Female,
614,1NijXHg37BJKT1d2cb2XX6HAN2XbbA9uvu,Golledge,oouPoQXBLymFJea3TnUc1HdZ3TaekFqLufQgV5gcusP7weE8cFk,Female,
615,19w6xMpzgaPrLeycqWhxgD9sUfneZJTqKJ,Cruces,oodc455o78kuxWJzaKdSAiHTBb3haseH5uNzRZDVcYmLr7qzVto,Female,
616,1GyPZbwut8tc86YZfgk6HmTTT3sdgvtjQs,Chadwen,oon8AwmTQBDaXdA4k11hLeMbGhwz4sUF9Hu5mS7Lj8pydiqLHpj,Male,
617,13HpJhajWBtaJeN1mn3LDCgtf91t8Djrq1,Keaveny,onjKK7tpGVqgv2Gdbb1NFRw6J7KnRyHJQRUsTNE5bBroRKk8sUL,Male,
618,1KsP8BUEn3RURQQtLff6zAqyB2FXF2k7aU,Tideswell,ooKLLEQvtT96h7zimLproBGxnwSdrGZZKvTwwVinA91WJwD95nj,Female,
619,1MbNEFG6LaDWn5LLidLpYgF848KKNCWWJG,Oliver-Paull,oo5FUir1AEgXnzvFG9RVtiapREbCArnugc2VZ2pPoYBWmfPDSfy,Female,
620,1FxXMMYxMoD9UMR2dC1wrfLiib1fVhnkC4,Haster,opSRFbhoNzpp5VVcb3jfRtjnfLgsHXrUfTuasuS3FY6MbC8n3U9,Male,
621,12NMpccoeYRU14JKTFH4sXVGfgyDXrM5vk,Riccioppo,oozhPc2nQiFFJ1WcpD5Z1gGTz2kFCnYSUbyyT5vota7bwoAXwbC,Male,
622,14iaWiEBseKQ45iHVLoBjbocPgjxRLfk6C,O' Bee,ooCV5k5NNt3sMpt78BefPKnb1qFEzb8nBjQAujfKiyNb2MoXp11,Male,
623,14ECpczq3CEMKG29knffgzug27YDzKSxRw,Greatex,oniyxAJ2u8TRP7gHvX6VXN6qtpUqsiDjeeXkyhRgFj7rQC57D6R,Female,
624,16GJ3nSPNMPpJ56hw1WLQLa1rtpfE4y1se,Feetham,oohYrjPoVjXL6RWALwq3mcW2nQSVrz37hpekgRC1q7xYpAc8o2F,Male,
625,11fRYtunGx4dNXDJ8JkDEotPaZ934Te2i,Thornewell,oow1tnHzFrKvL8kTDwbkdXxCrKAJKxnCLTDfkrHGdCtjAJ3zwP2,Female,
626,1HTwcvNXDcUTNQ4sPNVLi2wAL3UmJbmgBu,Connerry,ooxNxeiMUFcxo7Jj6LuCT63bCLm5Q5g54g8svqGX6kWET6mobft,Female,
627,16Niikz6P3PEwZCCMtVPAnw3uMrqNDQEXc,Adan,op5SFeNUKb28fY1c5nBWZWbWoc9Jx8bmnQC3M3GZLENZNZAxB4k,Female,
628,1FCftcKjD1cnvWArDYVzTuHA1sN5SBjMjK,McCritichie,opG4FpjmD66zsgk9itgZ1MKDAq6Gt6bAcLB1ec7JeaCRNpXYdbJ,Male,
629,1KPacuEnUSJTDmTdnw4i44Qfj3edsKMwy,Pettiward,oogrMa3DYCJ148vefij6kKd29JWDsGVrfVrJcLP1vWFd4BcfHGZ,Female,
630,1MrTeF78tVchVQLwuC6AEaF4oTdj5LGmTE,Iacomi,ooGVqGQ1NXHBXathkqwvksSXp3Um2YwkHsgXQ9aZjV2CaM6kBTa,Female,
631,19Nfp6qV2GyjzGCuHFbzJ7mhaYRDazPJsx,Allsepp,oomzi2XXCW74oy96imnLxyW3RGJ7i8ybrkdp372R6kUNHRuUrrP,Female,
632,1HybGDCJVEvXGGAsibkTfuCqwwrrrpHTH3,Hallowes,opPzd4j6Bk6W5eLwg5EkVq4aqnKnkUkGDCAMbmYkvxaxBS5Ayxa,Male,
633,15vjidZXjH8nJKhRm8jzU98AtSu3yP2fBj,Rove,onv48zkfoVutv6M2ULD3cUjs9wXTUMvvzkAeePsE3gVWnd4puim,Female,
634,1MHwS85ueEQyzQgxFbKcaB2NGaU8vrydtn,Clapton,opAGdsGqTyN9mkgpEVbDay86SssZRFcZkT2cedjVd8evfj6bukq,Male,
635,1AVF1M6odXMhT3VV8pW8JkRi7BjXNNMMKh,Gummer,onjkvwh9TAaEiaJh2aq1xnzqoVM4CnofAT2Ve1BFrxZXNHVWtAV,Female,
636,1FNgbRoTA5c7435AS2jCStiTx2FAG8iCLh,Godman,oojbYQmr4z8vPrHZ2sfiA7gn2cq8MW1m71NsAmcYvPrxeMWX3eP,Male,
637,1CxFX99aTsYmFEtFuE8jTHfQfhPm9R7qvk,Esmead,ony1rXm7HsdmCiPezKRZUHLeAxubX1vydGtzFQpnFyHXdCFMwZw,Female,
638,17k5Jzbdb9jjXo1VEAxiJGTarxwB21KnU3,McArd,ooapoWrWuehJiZaCXo4LDE6sWqphmsY7BksrukbsPmHtuNFvvBk,Female,
639,1DV6pnfWDEUfjtsEbGE36Dxg7zt99fnToW,Scholz,opXrot3PcyQnFetGB4mD7mum7aktgcEUgJ2Rc87YUYoMbHAGg3v,Male,
640,17gZ3G8Kb619jSX4FxYWeJFfJY4tF13BU2,Hornung,ooTWA4Y1mJd1ykDda41gK9epyXf49ps5Lt7VLvnjuiei2VZjrSm,Male,
641,1PoFEG1xrGiYQiYmnApspwjnTWSHuDgBxe,Gionettitti,op7ZNt5hVDSL4iGT8XwXVKVvojGQmB9n3PKgc4thjdwcGK5QEqD,Female,
642,1PoMjDXwUebM49UNRiX4m3VubR4TvgXTC6,Sidden,opHb4MxHCP7Q9hiP4y7EqBd1Ehtu2XTXR2F6n2HL9bN1kCuW1hK,Female,
643,1CZmjPmNpp1THgw7ynbHnpymzfqQCj7DZc,Garment,ons4zrrFkABpdKQ7Ei93595mYLMa4n8SqZRNdrJtJeZjGEay1dE,Male,
644,158yPvJZCqDoxkt72J4813eBZit9zPCM2b,Aimable,oo5PPzH1EQnYSdA4fM9GYsGLyngiqBnyTxu2jFnE5V1rZPvNKNo,Male,
645,1GNQfKnujra7ZfbmxJVQy5cYiusujX4L22,Juckes,ooRdmmLYgxmzGfJ4xZify5rCC4TiecV6t1hFUXk3nMMyJYj6JXK,Male,
646,14tY3g2TTxpajVireuGf2G1GE8P1FofmPn,Fernan,op96WA9XHRTMGXFMtjQSR1sAeCroN1mVjmhYARYxWkE9rKD2jNs,Female,
647,15TJSVbmm5FwCthq8XCLhHugiu9ytGyrxC,Farloe,onkRPWyADhuzjYiw5ukSQgyRT8JmkYAL3hq8Sjv84mt7EMLCUVq,Male,
648,1CPPrLyaT8FitwBZD5mTc79SoafkD4mcDw,Thistleton,onoKNsep6CEpUzWaq5RbLzMoTQAQwrYVnt9B9hSPxVgHfmAneGk,Male,
649,1GiQHUutfe5HrBdfDZhaUoXU5rRjh112jR,Elgy,opaAT1kytPVTwfyRFeM18E7ozaQT66dVgm2kVskF3qNNw683qVw,Male,
650,1HUbNgPmeZXicz15F1dFirqi2e1xqALSFp,Karlsen,ooXz2wDuoGKZs9M6jYbzuCG1AhXbbFJcH1vVwGC4xjgeeRBDDbu,Female,
651,1DxbyKWUMGRBvVFEPv5amcsJvdEqB82UZS,McCarly,oo9aDeXNCL2LubsEid8Ta3GGDGz6XmZiLyirEpaPbePNYthmCn6,Male,
652,1NPQxTESsLfyGU4WNsMFmR4922XXSxXPse,Skinley,opERfdZ6eeC4NWwoocLJFV4VqgUrYfC22RD21ejZod5PVQwc7cp,Female,
653,166nQYNQQA4HDVs3Hx5cQv2p9wTZLyTEBh,Attenbrow,opYbkHfyEyKyTVAXAkSgDBo1daia6fk1hm3UVq7jZj5vWDeD1Ne,Male,
654,1HwiTrMef8NEsDVzGZcN3ap7Q3EiocZMT5,Piquard,onuRtUzdXdJRSj7W7eHPxKrj4frUUvrWX11A8FeE5nsZWExoaUR,Female,
655,16G6pvNbPcdqawdXBGEzKrNdKfxzUMk2Kd,Duckit,onv5QHj6jQApmNqqHoHRz3Fi5LaaQAF8wmLayTm2yMejUk8P4AM,Genderfluid,
656,1KuVZTKxRDG9UzvPKDgQoGqfBc52Ga32Eb,Hamp,ooanbfKfrPLA2xXHDz5s1wvUucpxxF3SRbG9kJvWEMY3NdWxezm,Male,
657,19whXvgD6q5YiiMhTGtUddXLM42DaC7dF2,Dods,opJJnYmtsqGi1TKfUD7bzLXyebw5vmWHJeBFLoScijd9tJfzHXX,Female,
658,1DSbeTpfRi5MHyxyqjFibERLAu31DcscSS,Bednell,op7vTFDdKsgwtkUwkfvchXFy7EnrYE113maQKkW29pKMZxYZx5N,Female,
659,1QKX8J3sFJFNiRw2gNSup9k84xUFST2seu,MacColm,ooLgEndrgaJndsVDKcrLNzM166jMuG7gyoncKRaKfY22tFkdLwK,Female,
660,1LUVNLVmxqAKPj94tAd1H2uQAK3EWiH99P,Yaakov,ooCY6hMuqakifz2zCmzmsRZGxVGc6dpTcD79vSPSMTuj9zECYqB,Female,
661,193nF3ZwAKtcBzjaZyccofRtDhLAYzYtNR,Klemensiewicz,ooGLGsVcW81uiaciPaHQK3hscM7sVPUm94uVJs2RkpzUp5yJuAQ,Male,
662,1LTzJcRz2975XnwFCkZxdaQT1o8BU3KLxG,Mustoo,ooz5rK6XaczbmbCo387kopvcXp3m5Q9nkakAuwvXbLuQ3T7n1s6,Female,
663,1Bt68trrpVWuoVRjxUArQEECVbSUowEMVZ,Nevill,opVNTPtgRkkRwg2VaYLAAtP7g7r9PuTWtNJ4YnCY3KEFH3zSMq9,Male,
664,1EH3J6nurApwU3qHNyS8exK519mYH4xAiR,Still,onnQqqBEmVse76gx5ZFVYs4yUhBed6zdXjmsLrJk1pL7M2uaYut,Female,
665,1baqjBLuAknveCMM1HK9CKBrmWs2FBC8F,Booth,opNxo88dpKDWtwhFSYwYUePm1Pjt2qeimLLFJt3z19n4gPKxsyf,Male,
666,1JoXwiYETqT5kPR7csSHgNFLNhCjnXw7Q4,Renner,onvxS8g6Bb7Ld6iTxRZ66fSZbR3QgA5nGL6JosY6rDeNKWgNUCT,Male,
667,1Ee4bzUkWMe9PMHn4udoKY2Uct9aZaiUm4,O'Grada,ooigWysZ8kdju7zecjzFL4rKr4RFT3nDTNpqNaYQRiV6JKQppPS,Female,
668,1KygZXMDyiUHs1bvdnZE5SLTuSdeqUjW1m,Tonbye,opUNv2hCV33Sv43UwSxzTQY9NoT1oxfKZSQ5izJ2z9ewVSpYYuc,Female,
669,1PifeEWrkKaqV9HLhuvkvtYhgthhZkPxsf,Lyttle,onx52uectizrxnscTbHVQMdamEpaCTGXBB2JXuASFEEEyixpBBX,Female,
670,12DPHEhDAMrnLj73QdMoJaR39D7sf3Lr9M,Bainbrigge,onh7wVab1ivsDep6mAo1EVkrnCAbxwNp9EKy1ZQEkTFqbvGEsXE,Female,
671,1QC2xYrLBaiUZz6NNCYJiE5yV8MLn5zZT8,Trodler,ooxZpouFNFuCCpUkj4dgvT1HHkKCapssM8vj1sEfWjcHWCJ4Zx6,Male,
672,14u9aNFzWxmA8ht1BXm65YGfLZXDT6Tc6k,Taveriner,ooHhiy9UhKepr8HESz7Swn5mz8esMArxip8CmmKh1HyZiSHrwmh,Agender,
673,18oMRjHj2E9fwvNzSZUK6ojjpFRNxGPur8,Vautier,ooMw3HtsL3cqeoZhAMiVwV1nfo6wgakKaVtCvGLM6VNLgWX4Ci4,Bigender,
674,17mm5GozZW8HfCWgx1qLLoM3NiykTFq6Px,Gilkison,opKFD8f97zuLYhS9o8Bc4igogm2WkhCAy7itM9mQAz6WiqqMfyb,Male,
675,14YXV64vZjTrKRMc2YYAs3H8WSVq6PFQRG,Python,onuen95gdgubUoKXk5wcQfGeo7HrjbZPVL8p8XmpyhZuZpQoa89,Male,
676,1YaK2AV9srpDyT7tXnou5t8xZAGVt21MH,Dillintone,oozq4MZBMfNEDhq5hXLDUEs254VkUwN2mUapaBpGcy9nYkqWXvu,Female,
677,1KXbV1t1RBCNevGoSkuDvZ9TVY9DZMN8QC,Hannan,op113iHrqPokX9FnmeYToYTMrFsf31r2Y3HQRwqs8iJfUTxcwx9,Bigender,
678,1HgFGuSpL4q9La8M6ZkXGdsE5wy57uS5dM,Kerton,ooW5LJyhzABGXtrxufKMPKBN7sJy5ei9gfR8cxGKKJWyuvmd6qh,Male,
679,13F4BYYCDQ1FBonXD8aY7ucY28htoRvM52,Deetlefs,ooVpkrmyocK6gjgf1pTG9HbwJoHK5H39Uow4VPgTFcN7ytfFWxA,Male,
680,14MgRJUCWuStn13FdCewbhwTJymYk73B89,Rottcher,opMiivrF1jkCWUPttpz1arXSNLNifntF72daijmhFSEnVLY4Yxb,Male,
681,1EdqsPCWmAGvifpNKHM3dVsz6t5GHkJozy,Singh,onqi8ba5GfASPXNmFEW8SLyUPfeRb1wiXFTmXSgmNUibiLaGVWD,Male,
682,1Px1eesDr9YXhsTAySqcDMDVrjs4q1egZo,Graalman,opF3kEiXGBVy17sA1qSxJjaN6aZiF1NkfadWqKAnXy5LU3dEFJ4,Male,
683,13QjsWmLqrs7PZCfHdYa3RYSWRs35nNEpH,Shepherdson,onhv2QYCvjxLrcZYBwrCCLFqXH1o8ipd1ymLp1P5dGZTwdRdnmS,Male,
684,1N7Kt9V8E5hvnk7WkFmtxUDYKJa1pfv2x2,Ofer,oo7V5jBfFTFE1wjkG1oAUb7JWqWhiGfz7KN3XZcbxWbniNN57KN,Polygender,
685,1EshbhKqDkPafcFaMRUV4h3jPmtSNek1QY,Imlin,op1Ezy1Nyp4VejasDYE3exFzmjJJfqtXsSG4yucuD6QdYscQfoC,Non-binary,
686,156DZTqk8mMqQeaAcX9hok69SVCHkJiMEe,Francey,oossFwMxJrqbxuXgxRxzo3ThCr2xpEhADmWx8ZZm6uQ9spqHhFi,Non-binary,
687,1DLfgPVcHp5prAYttYBXtmbJBZqzpdArks,Westberg,oowsrxAyfPHFb1fRRVTp3zg5BrzWCLSTuugKN8krY7QkyTN6hEz,Male,
688,1Fk1PMPaX1oD7ot5k6eY797rC5mGBB6QeG,Lettington,ooamPhscM1QNSe21Eqr5a94sJc7uiFgYvzq37B16gMcpAGv9akZ,Non-binary,
689,1MNLrCqE4GPN2dVok4zpptNSxMc63CsRih,MacInnes,onyHUcSrZZBrnTBjDcvc2iXydksVJUZuL21FcsZJ6aNYncoWhpX,Female,
690,19Y6HrWFEAQCKWkSkQigrnUy5R4yZVQBgb,Domino,opYCQEHjEK4PAqJtfs7vmq9MHcPVB5L6YLgwLghDXPKffG975jW,Male,
691,15pUGbBNiVqHf4S5LLryoQwLEPhDPkgavr,Capstick,opN9jSShYypXZBtd6q1aBZYkrJ7Ku51NhbfFNWnhHpN3MWFBsU7,Male,
692,1C6LhAMwoxoomebpe7worc6EFbu51v3hMj,Lote,op4P3ZkjD99n8EunqE44osdVDZQ7Xj5SmzeThJrijwqqeJfCo2j,Male,
693,1ABG7xThZ2LHgULvhBhyMMrj5mdCBfgTCo,Kislingbury,ooPNycWFL3NDsykw2m7xW231UCLsiNv3M2EQ9r9cxEVWmoJ2QUN,Female,
694,1CX4dvuzrjPEPCkHZu47NcKtZABzkgztQW,Wainscoat,onujSG1ehakLpKNpZy4G9T9NusZNAibkdkyMaUpEuEBHgGZzxU2,Male,
695,1ALv4wz4DVjjdRseL9v7EbNE2grL5nSLCH,Woolmer,ooHaAmrdRb3TmmarRLjf5fTn17ekdk19BinR7PdAhsiN7Quxbq1,Female,
696,1639J8SZCV6UXJnpG9YMzWuvD9vo1QY2Bn,Bullough,oo9zMks5SprJm3FBSz9X2i99Vnp3sUWviYaPQfoYbTv6rS4cfRt,Male,
697,17CN9agZPWrGwhZwWsTeMv1B8RtCVeXBmr,Rothon,opPAVyFi5M2JqVURz8JoiJbm6QQv3M7CazCPdHHs2givZnQD69a,Male,
698,1KNNGeVyWnN4pJ6UjMPxuk8S1k9uSA5jgY,Follows,opYzE6p3JWTDYWEoNEqtqZv5SMTxCkUkMLpdH6e2fbZhYf5PmtM,Male,
699,1DSXPhkPi96oizxaakQk5Bmp9JCmcZ9M9b,De Anesy,oorQWQMrhUYqLw3ShBWDoco67TUppwifKZhpUMe9R1Py1sFrHfo,Male,
700,1P4LETbjKdPK9aR7zy5RRw1dz12x8aqeWC,Flatman,oofWx78koc1e1cFrE3X8JnmP7EDnx17nQqWaFcgK37kNUMLgVGL,Male,
701,1HarbEmUQFLESfMCVKzQ6Cvot18MKie8Z4,Yurkevich,ooKACt6TJWdhAJu9BQXiEDx7MUrnXuYrp8Mkiw9sWiQAEwW6Lr7,Male,
702,1Q8fLrbzMiVNS4Z1m7tKNKuBSHP3oLLhyV,Fratson,onwkTmMBvMdZKXQ5JAouD5XsrTqxwdt62BSw6fLPiKwKUAdoTgT,Female,
703,1GduSU2Tzsbgtx8ckwEXcz7nRLCJQNqayF,Brason,oo8w7djRh6LAwgwN4BuAhSGRw2KHF8nwBXVvMchxiW7TxLDS7KE,Male,
704,1JbqyZ8UH2MJSsQUGEPDnmYG9gen1PpFcK,Desbrow,oov6wwE4afFvVuhw8jtcCAg73TZXvvSq2i5A1Ge5EqY5X5zwLbB,Polygender,
705,14PP7s6nMTdVQNncQYUeYg9Ht3ikWzxtCA,Mortel,opUhnVhV1xYip2sX3f5HdU9SdmE3Fb6mjkC97NqS8Tt3Cd8WWQG,Genderfluid,
706,1Fymq9PXCGcwxw9S1MNV5UqLnjqYQPnn7L,Kienl,ooDxV1CqLqSdpYWNxSZe4L84eoFQD7c6vHZz4JQ1Fs1w7qwWGqY,Female,
707,19btHHYpepFwk4koNHv4MpgvmBMaUJUGKv,Wynter,opHjZ996cvh6U7iEst9H2QPCX4CkaAPrBPEd9Mviah3VK8XoN32,Male,
708,1LHLyB7miHrwZ5K1gZf5Kg2ZZiJyqfjqrc,Slocom,ooE8xUVq9T8G7pL5tMgvXLV5xfxk3uz3LdBRDPG5zJNQKQifWvf,Female,
709,15bh76vtnvU9kPPoAwxwkHygR3v4TDpyux,Banner,ooAFxm11DivEwu5txhiNHE3Pvqu1Z6iVnNC5dcMGwxvHe719ahW,Male,
710,1FLvNiAKPEQZWTR5XFKvztvjXDWtPCFban,Mival,oowQHoYBBjWTB6uC4tWDVc9prHgppJuBtp32br1HKpH5XUiNi6B,Male,
711,14wWEB3AaEizPpzVptT8Ae72LxFerNenH8,Maypole,ooyHpHHEjhudr9ngCS7MjV7Hii6Nmja28WttCU1FAQUqXEb8HY1,Female,
712,1J36BkZ9ixygP7m6oP4TmyTQRCLTmMu2gs,Arminger,onukseRDVPhHt7cEMoZ5VJJgyb1QVMVC9C6dfZ9itUP18MoVBFK,Male,
713,1f91vZcNwmWZGAQVn8NzBtT3RWzkNNoMJ,Tummons,ooZ4XW5CyTvhC51B1Hij3JTAN3THfXSP4bvuMnrxyJMjgYkNxMZ,Male,
714,1EGrkFPLTfiQMTs2Vdzm5Lf65NA3CqVdea,Ledwich,onpubfAXj4Np8bry73ncZa2Zguz9iW5oin5jE4Eo6EgPBTXdS3B,Female,
715,1AuEaBxhVBvxEthCLMEpVyvTsWZ2yP596G,Phelp,onofptpRLyd9QmHCixoxgubDHjEsaj81LewnSnMAziDUrNRpLis,Male,
716,18dbmuXvNgK4vdnUpqjjoFmL5xnCdu4mai,Huggon,ontEB2f1TkFHnPsU9n48xx2L2vTeyvU8GR7P8Z2GQyedCGxJV5Z,Female,
717,1AG8qBh31u9RFJ72htghvQv5npX7wGUiri,Sedworth,ons2tmZ3aHUEe8yW4iPB8e4SuQ5Qj1xWMUczrZHQyRbcE1etnVW,Male,
718,1HjqUq3usAHVnWWTb2QLEmpGTE1obbQxS,Coppens,oo1BrVGh79KPYNjnHa2e4SgujnVhqeDqPbfhPCsdAxpMFCbKoai,Male,
719,1Cx1RjQ61BLiQDe5e2CYyCQfXdaYPtGei9,Marfield,ooPFTL4TDEyFiahUc37pXr4woihhD3TaP3g2EvFqpgTpTcQ7dPr,Female,
720,1C1X947BUPDL15rbGT6CUBb8Mz6VMrFAvQ,Neate,onsnjUh6zrwMfKLpxmMCQWpi6qAtD3FoLoCn4ES9rnXFLh94B8c,Female,
721,1PrXL785kHgsh58N4QVFVhsgdS9tHrfhYY,Lamdin,ootdhrENhbEtr9UQAP4U91EeoQQ2VxoPi9aG9GaBt76d1QYgTie,Female,
722,1MA6KeFKLXWGSVvv2wSueXxLYuxn5Vf7jU,Dineges,ooSDyfes4iNocbuYJNfCag2DhGqu1YZNwLvMB8QZH6iiGLWqKow,Male,
723,16yi1tCTnc9KcJd8dvqSaEL5nDaEEHjDnW,Scatchar,opBRaKQMxracAg8qzsuQQF6mQNQjNJi5kjYeXwbhLYS4Cqo6Yo6,Male,
724,1HZrLcsRR2A8XLWf6CU4cTs9jUurcUaVVH,Middell,oo9i6fzdjpBNYVnatToP2gmLZzGRAy6cmCzyRRTq3Eeg3HeuxTR,Male,
725,13DSDLPFMpssWjtKBBT8jbrVjxaSkxuQtE,Clowley,oowAJNWmZ1Mfa3xfVw7bVpdLcUbvrPCEHxyNe6zqr2JsYRECtrP,Non-binary,
726,13RMWdpMjocm73B2AgXRY2cd1sXWkxCNKx,Dudderidge,oo4RZJEod6yttK6kafAYxheHQPd8Rf1q7xx1j51eudMwYDuAhML,Male,
727,1GP7UPW3GY1ADqYeSbeLH3R16bi7D4SUMr,Birk,onxGP9YcVeAwLaP68n49KFcJ8eTuqBP5pyGHCo8uAgQAGD4Z4Bp,Female,
728,1A49fBYq8H7jExDFKzS7sank1TbsZQKdLS,Fryman,onzmsSmNMSeH4Kp2fu6FefUCbK35ZB31WgEdxmTfo3pQ9YsVyfg,Female,
729,1NUE6iddhgvHMjiQA4JM88CMFpfZMQLDqz,Coyle,oo3kUSn1WZt7RR9XFyZhz9eUp3mg8MoDVdqAWDPi7e432PsrgaW,Female,
730,1KBjx4hBb8U2o8iAaa6UNewvky4HuGEbVV,Trewman,opLa2xu8eZvh33bmqeYY5cwDyfbfa7xx9WZ1fiAoHjJFDswAH54,Male,
731,1GdonjhPApKziEwBvpNq6QRcK491xkphys,Stickland,oo5v61xvcMuXKPdjP2StbpW9pRfbAeyZPZu3oTsjcy6ugiFWK93,Female,
732,1MqJwZEza9sjB3LuUu3YYEKCmYniqjrKev,Stephenson,ontW45meLc9HyJa9Ka2Y597VJaKCefk4Mw7DMBgdhLcAJrZR8Ew,Female,
733,1Gfku4yfr9eBzhVEphuzb24BUcb7RW2E2n,Huggard,onyTDthAVrifMGmmTQW98ZwJfosQuCbLZd5pHa4aTLUVq1xS4As,Male,
734,137151kZPcCyiaFmsdPw7njdT8YZjtaxpZ,Metterick,ooR6RWwjnd3vK6NiZvS29KAgEwKuThqb5dGFaRuENV9Rj5Fy4ac,Female,
735,1ExnNn558XRb9vySc1fKEYbpP9Vy19Kmuy,Dundredge,ooztSzs1XSEd1fqqTq6Pc17JztUAWiRxRhCpGPJ14XD79Xq48eD,Female,
736,13KTDhQV4cmsYZrvKUEE7aSBgukHagB4ry,Jenman,oox5AeBLUn8QZrqBgdFEXQMdY8biV6cUzzkR9mVhMrBz4iazpsH,Female,
737,16rwwhFoBQjzDVdFovwThLCcC5W8JWrkQg,Drakeford,opFbiqHik7xr7XLG8Ag3cZtJeJAUr8HAP6Gs6FBr7Z69JitKngf,Male,
738,1D6rCj9LnTyYNMmRQk2DiMapoAf842aMDV,Chretien,ooVK51aMH33Hfniy3aAdyuhqzGBL4Bfg7PUEVKW2dFWoKouwXWN,Female,
739,1GjYbUJN7EvT9WVvfRfrcM2MuokM2JrUVx,Giovannazzi,onr898Lj448BYM7MBTLJMyARs4YZq44NKCiNHq5qLwsxhkCRpvE,Female,
740,15r6LbyoGzcoW77V6Au8DSPRKjBFt6v19n,Moyne,op4da2GQg4UgPG5cxKbZXTyv35g61Vi2pymjtWMY7La12umSFX9,Male,
741,1LSejBw8Z3qY2hRaqgGGCiTeYgpEevQjhJ,Critchley,ooTwaPJcQW8je3BVxjqbvsEArgGQU8Fv6F3TBaDNQ2fVNQAVLTu,Female,
742,16JxaYJqfF8HiKa1JqYUZA2jBwi1HD3oan,Haspineall,oo7tpSKK24okMd3fnuHjkSw7XEeKWjoUtHFzkrH5ywRp2T41eVV,Non-binary,
743,1MxYZBfKcWvWyVYdQxsn7sZrPULdHkcatT,Casswell,oo79tzaG9bpcd8rz5M2qgVDcFadXA4zwaCcUUEDnXcmrKLAboQb,Male,
744,1JJ8GsK3DVLkp76JQgKSsnZponEEhNpbXP,Attkins,op1Fe5jqyUovTWcK9tEX3X7BzQztJL6gkJbTMpFEEVznpqyssf1,Female,
745,19NEyujh4iQigAYLsQ9XW49KPXmzy1wYJp,Lount,oonaZHXmVGftKKx2mcKJDCQwLzzn5S52C2siEdEQh3jJxzcSmte,Male,
746,18hiiLdpjKWY3up5LtMGYSNbZqnYiZjf14,Linning,oojaYMKdFrsWYb6xc7KKSrodmA8t8H8Mvo4kJS9SRp8eNAcW86j,Female,
747,1B1zg5BuvX4zBt7TH739Cqb45eAWP8BzQG,Chave,ootbVBnPPRRs43RYYEeMX7ckQ2NkU96DULd9jwPhy1X9tnGiPng,Male,
748,18yGUxTPsE9v7ud7B5WEc8fNRMBHmycSDe,Lawdham,opZuta5xsHLsvXLgFNirAtqAvQkU2eTwPACXuDLA39fiTqtyLSQ,Female,
749,12pRJytYjNKppBzJap4oAsDjTXrq55MgYc,Vicar,onv1SesKCcFwitBjRgTvcL6MwKeYc2wSCwELsy1q2skYiTExCbj,Male,
750,1Mud5JBP9dj5KUs9r2MntJrB4N5hZkZYBw,Rosentholer,opJqB27SXyC8LK4zSxNrYfU3Ccp5c4mNh52YGnsXLZg93FFHEcY,Male,
751,1LGTDfRHYD4VGk3hp5GScyykxX1k4sBmFL,Annies,oogxZkz1H7i3oZz8sfvTb5f4UMdGJ1DcPdRCQsYRbrTaSM3zmtu,Male,
752,1669on6sZHdWXDTzfNYwipdSem8hJy6ayR,Feathersby,ooTFCQ2USKq78Pq1MGdELAARBDcaHyfsQxZLBrVLNWLduf22Bb1,Male,
753,1J68yFhnc4bhXFVV4hRBjrKpdXBnDNxk1u,Blum,opa1GkuebcM8mzBVtTYjgF6Bb2t9XHSbS98gDkc8W8Ee4tMLZcj,Female,
754,1LyEE2UVtJHbmfq7H82gKG7N8im9VZo74J,McGaugie,oo6BgdqCbGwhavGMK1psMcx9E9f1V38oDmeiDjrBMe9ZvV69jYW,Genderqueer,
755,18TM4vw8Kez9zS67kKdES638tMnAVXgxSM,McMichael,onuyoZgd9mN72SSbgD8nbDJfpHXKaC1efmHeieEDkftLHLRJDGL,Male,
756,15m2VAU73Niz7ZidbGnJojuTfhXMYntBPq,Slot,oop4q63NdJxT9rBw4HHJYVr7JGKiardfakgeMo1JF1aiD4myGaS,Male,
757,1KboKBpnajZ2m1VNuviaPqZ6uZR45dRiH1,Tyrer,ooSWfZREF44UvqAvEvSZP27gcgr2XPvxnqvuZcGVSWU9VJj2cnv,Male,
758,12fYMjReqsFrE14beRFVhfFwxRoP45f7fm,Sundin,onooGXGoLSPKBERZ7TaajRSeNqCzwxwfGQbjsejwvYboxZirz6T,Female,
759,1Lb638Lj5f6yrQGVLHubSfvAd2opYcf9Ky,Witten,oofJMcfByZm6eauaDJ2fLTCvJAMubYk5h6Lx8oiDTf8NU2CjoVp,Male,
760,17sw1msj3ojKjf9f4YNhcUvkw4azKhD4wd,Josskowitz,opFKnm5thHyAwvf5k8GS18RCTF6ykt5CgPr1W9Gygy6dCwV3mVe,Male,
761,1GRS7TwMdMLNedkteYqzVjziqxNFd7oWuS,Dumphrey,opGLuWHaGqbJTNk1SKvM9HHmpzEPZWPu65pdps5MG9FYWtc9LCT,Genderfluid,
762,1N9ECUuZrnbVfyqJ8SqXcYUTeVER3yHEnv,Padkin,ooULRPaspVkF6E9g29NuFrLiYZWuXjzaFyZ4F6N8W7Eooq1jqcz,Female,
763,12keA32bjoPxY9io1oDDgYL8bpfH53Hryj,Sonner,oowok1KmNcaKvsot2CDY5q8ChgJ2iGhStpSqCu38xCcTfFJoChj,Female,
764,1BRZJPCfpkBQkQB9CGRhTK2yMhxw5yrCzQ,Tyson,onfQc1VXic32MjPixV7XUZdB91N9SLAV1ZY5kNodYEZjU62xLi7,Male,
765,1LcS4PV9EBt5wdyXD4FMUK5xMkJqE9nonC,Gorman,opJeQf7iNC9ieSxBkuSY4aMZyExpKENSFAiBRFCx1TQxoYGWufu,Female,
766,1N7yh3QmN3zecH6qfqbFCEE2FcLHuWwyXB,Bromige,opSqtrbEaLzXL93pUe4t6iuvn2P5FyE8681i7h8dFnaDMfLeztV,Male,
767,1JoEMsMKNqNWeh4CFug489owwAfJdP5SZy,Midson,opBFXEt13KB59k8SRBf7MowyobRQRgvMRbt5ie1m62B3SGx5Avh,Male,
768,1CvjiKCwsudfM7HWVkgugiPHnvrLjCyYA6,Fellibrand,op4g32WAHjxMALei8SqeCdTyfXe144hNFfHiKNoK7mdD91oHEff,Male,
769,1PSDvuTN9ApFGZr58Q6vhA7JMym9qapXJu,Lowndesbrough,ooin7Ei7dLN478UGgenFD1qhyhBKVV8SWQUwGYhvNFPycmiXYZR,Female,
770,1LXkT8wE9ggoSDyrAcKE2pF6UQGRgaonUJ,Leates,opMoKfA7qvXRS8ENQYXsucgTvaGUHNh3k3RTbGFr9PcD9MVsGKj,Female,
771,18VmwFRcvRXWvZ1h9hJULrTPWLYCE8dMdw,Matley,oopWfNznJGhSCSqgjZQ9LQHvM1S1KDmHMUnqCPQnSEUm4qCZwyk,Female,
772,1DLa6ZPfURWwDNGgVmuRSM5wjhip9r8foo,Reck,oorXAWyoj2LsqANiZSh52QuTBZx8YPGXCvvQgfAKx9N7nDwz6wE,Male,
773,134sNBTYYq9MJvwGpGRiR6V8E7QwQwPy2i,Domelow,ookapCCkTpW1vHGT9PVXdtwL5yJDBZb8sWaPeqmPgHp7eC5dQof,Male,
774,1NM44MfXNZexNwZVJLsu8xdkYWBZPTiZSh,Beckerleg,op9XnKuNueApjtEswenCh66tcgrhZmjp8LoagE8B7kTXd3HbY1K,Male,
775,1x2GiH2LJkZSe9Ks2h553TPE1V5Ffx7hg,Shellibeer,opN6W3JFzJ5ziTTKiw1fuHhyqVhJrZKyGWAJBQ6TpxqgW5yEoto,Female,
776,16QhpEm2KpcpFNAnyck1Ag8VmLGqeCvZiB,Tolussi,ooXCZLoRdV7ZWxuu64SeuZf3LUz9D6xrovniTLdRsNGg9te65Qx,Female,
777,1FuXAEaEcH2sKTYdvr2wmrpAY8V9FSUGQq,Diddams,ookvwAU4savGJ9nsY6VADmRBUaAyvYA23phAM8LeAB6xLcYi3Db,Male,
778,1N9SZGyZEsm4pb3GW2kuhwFhzbKoK9sUPV,Conklin,opXfXHRGGsMyPrN7zzkBhs5eW7LxFJM4sUCpV9D9ws38bCQx57A,Female,
779,1KMTv5vtnMKSWFHTqtERquoVtR61TNN5LY,Thornton-Dewhirst,oneyppzQqmZNwcDu5XAvgyDD9xrP31YMp7pkvthup6ecwZXkom2,Female,
780,18H651xdYPanWMDApoQBKMRxJB5b4849V5,Kaesmans,ooVgUb8odRatLK5mqs4HRDbdS6L3a9ZAnsNztVMiKhW2WrHFceN,Female,
781,1BzWsitkVpNRgFoCgJ5jkKom94KfGkKBG8,Sircombe,oof2gRNWGiupDvUeCJ3zSBp8McUZBAznCCAPiLRANNrfcZLFqjY,Male,
782,155UGRF3nNyuHaonDBMwnRTcoyyvSSsZxy,Waddell,ookAmxMcwE7aJjXhawqcSgKQEKfbrEe7AvCdoXqVNBK5rizWJPt,Male,
783,12XXmBvp9FCuZaWw5M58bkjQgRzC4BsgkY,Rollinson,ooFSMNd5gguVBQKvKBcabQpX9kis5wrQUk1X9LQhv3RydJWvRNA,Female,
784,16zyAK2QdPofctsTvpfgQfVLkUsYwkngWp,Riggulsford,ooraHCD91pPv75PCYHGkSnxJ3rsTVyCwuozxdPhbYspPaFSmDs6,Male,
785,1M9uTsFgmAw5DCAPAPk5XN2oYJTLyMzHzD,Wintle,oovWgAYJgZxm22H12ResJFNd5A2qZYA4f5FNC8an3znz5U1BhvT,Male,
786,19YzwW3YAvAkb43ATG3d2NKosALuism9vM,Dreher,op18ywmfcRupESZh4tNjNYMeKudbeRjWpBmpHTdTHp5Wc8nfgoE,Male,
787,1F5jo4tLWXX5U1VVtoaRpjbSi1xcfoLDGf,Chave,ooyEa26krRndYafXEsaNh5jVGSMKGU45rCNZzX7CigHeNNMY9kT,Female,
788,1hKnM9wqBYgMSKkJDaAYYdxNWHuyMXH9H,Nunn,onoKdWHEiaoNn7LRfdFW9hY3ZNFD49vVEqxvnP8m1CE2WYcVJTC,Female,
789,1FK7rHcHRj7XLQwdQTvKDM1AvuWMyVucwA,Kettley,oo4Ru4AGtxLwd8uoqBSaSgzi2KGrEGPfHSLrZeKHx2bPotjGW8P,Genderfluid,
790,1FwzSDk34Lo9Y6D3QsnPPmV21X9JXpxczK,Zorro,oo8qSMRwVE6RqtbU7onNfLQWZkJCD5PJtcRUbyEaKwz6EQKhYhx,Female,
791,13DRkiKGMEfoLTTVCUNkgtkNovstYjF91c,Reiner,onwNVuFbD8AryD2udA6CT71dB7vji54wRtSqHfvWKS3T8hDDDmq,Female,
792,1MmVjPwWWxVo4HssmM6kc1vwWqoMZ9eBvU,Samart,oo15TTEUFujA8bmjeSLqKvWq1L6JuuU54rETcSnbVJH77wTejc9,Male,
793,17v14h2v4atb5j3ocr2eJArm7SCcZSuPBn,Jessett,op3Qv2ok49V7EW5AJS28EGBrwXSKipHwvZodCz2XXQ2m6HC7pUF,Male,
794,1PACDquUpYm9kSMo14eNxVLj42UzotFHK3,Seiler,oobN9WZWcjJern78dmM4qKB8AFEq1aYMsp7aRuahy88e763JeDC,Bigender,
795,1BNGYwRMMYLQ3RHzwYVyCrAUyiWZc9cdNi,Gegay,opQD4XeuVfD4S6Wb5tDoyLLXpLGCiyeLVkppoi6rmejUahy8fei,Female,
796,15fEwaAhAtRHbocBSd8aBw7CDnsWng12Vh,O'Dowd,opU2EHX9LmjEKqc2EkfB1qvFgmSXBwdwSxBY8pey2vfLmCP5kV4,Female,
797,12HucLvT1miZKbGTmUdYEGLWfChjMARaUN,Bridel,ooZCuuFBHVAnf388qZBSaMiXifTtL9SC8dTxNX3J5qFAXUZthLt,Female,
798,14EP9De81HmgYYjC267kA5Nzf1gKJxSDZm,Vernazza,ooGN1xccEcnxGZcp8XfqemQKH8w21FDPCwABNMQreSTiPKGGUMW,Male,
799,18whpPJQBLv95nwXruatowAhGTVBYUqj6k,Gettens,ooewW41ahfW94S52PHZwU6E6jmLnmMZEw4R7jW3eGJo7GbxGSrK,Female,
800,1MBDaBMXXZQbAe7QviSUA1YvvEkQdAmHTh,Merioth,ooQr1gv2V6mrxr4jTg1264NDvz3MaSCaE1BSfUArhAFU1x4exkm,Male,
801,13WkUkEd47i8MDjFzteU2fYsjXk8UJkbiC,Strutt,ooZG6dNsw3rZ9pDuicZs7A6vSRXJEMTuFvYMvbixVJCgqP9Vfc5,Female,
802,1NSMUamGGE3hQfusVYcuBZ69wrUWxyyD1f,Viegas,ooesNFsKQYJSyeuybu7eiieYEYriUJUg8K7pgxKxtrdRWBGZiF6,Male,
803,1GTCxDg3uS1NEDpeRHu8H5LLoALaPtgq9M,Nelissen,ontsrZSWANo99dqrDhhEYPijSTRckwoBgBK7Un3ye4fbwed4BF3,Male,
804,17NGHC8dJ1iUNw3EJyXsHCdBMF5MHh1gp2,Giraldez,ooyxrPiuzDLKLDJKHUZwXA2Vo7k2Fv6dXJcrti7CdjQzormVPjg,Male,
805,14X9e7YvsXCUe8Zxrx7Rnb7pP6c25wYHhx,Braithwaite,oomaxaffLeFYLmWoXRyKJtBzysB9gah6pSDvp6aM9rnppdTSejA,Male,
806,1BZ7bDqsicQdFnb8JN2AgSvteHtmqKybPq,Bidewell,opDFtxunyRS2FC4TFpL7REpAe6E7wv7vXViVGnqgmGwEH9ZeZPn,Male,
807,12GZeakt4bQxG65W73kfMhv8thEwH4mue8,Pinnigar,opGa8K7RaRqbzXC4ZqKrBuJodLR9nRhsogxoYq4Q7pPabkaNVvm,Male,
808,17RpwqSD2G91oENBM97DhAwhNMLtP5Q5ot,Bolles,opYwuY3jGyjdo2iJrCbeT8U9rL6YXckzfLSLwRjS1GuGqiFWE3E,Non-binary,
809,1QFtAB4ZnbJRGzGFGFwa1TG9Z8yt4jtKjV,Macieja,onrdAUJHqnDHNXaiDraDWM2wz5BYS2A5MS4kum4MjyHXvxnBWyW,Female,
810,1FF6fEfRgSo84jQNaxUDEEJiTFybcdec2u,Hedin,opSiXnzHUSL1pDfWV8NEQjHYohvj4N6rzAVxk33XEJLCheh2nKN,Female,
811,1BogDGwtYH1toWBRfWzn78LhSy6J5ffibk,Skeat,onsatEwjgyUwK2Feck5pJbU1Ube9PTUsDxvpn8RwB7GNk9XBLbD,Male,
812,1rGz3YkxriDNGFCCousbwSjUNScfxdFqA,Lonsbrough,oonmybRgUGdf22rXkCpsuNiQ8cC7wr8FM4wnbG5hPYaNUr9AuBm,Male,
813,1QBRfWxC6C74j2BVJvaK1AsUXE5j35u63W,Vamplers,ooPsKaHBY77RS2RfSwHHibpUFgefV534Brr3vVC6BjTtKmvhb9i,Female,
814,1BotFjVghRuQiZRJwFZUuZbtHdH4tUtMbg,Winridge,opPqhBn7KLihBMF9VoAJJRwo4doAwcfpkWC4ELyuoD2ZCRFSnL4,Male,
815,1DWAzwjyaAmssba4LYafvJ9G6kahuo1ZHg,Pyvis,oouxv7ohnwtuve6QtmQWa1D7vCUmoabniALTCyHSXYqmHHV32j9,Female,
816,1PScKfn9uEibQcA5bUw2oogdsHbDuEJfmP,Ginnelly,oorb2S8z4aJB1m76md1t2H2YSqqZeafLUjcHT3XQ1TcEA3vwYKs,Male,
817,127wnCYZYivFSPQBo9gGsJnzX31ZvSaSgZ,Waliszek,opFD6pVqf97etVAGJLnnubSCz3gFj3SssntpEpDEWjZH5czguCr,Female,
818,1DjMuSiY9C2kK5HzeHXJfSMkGeGWXTBPuL,Billes,opNswn7LzqBrNwVKtuDgfjR4hBvPzsQ8Fw4FdmuPTJpAXbbiAe6,Female,
819,1BP7ovNtzEZZAPLMbzrgAFJQ1rfidhLE5v,Gilders,oorZwXA91Y8g4v8EXQjuzUrSUcvKKucMCzPNL2cRBLHZQXik5rY,Male,
820,13NZEvn4W2G5Wzj9uKXmW4UVTFm7XEM9bT,Georgi,opUfmA99NCS4GzkPLgqWxB2toNPtuSZyXjDUXgdTKsDDS7Y3xuX,Female,
821,18c49TRS878Teggi1X32uTQQNjSEeyypt4,Songust,oo3ZnmHZUhXQcezKmVvkJPPLxAcMZ5i5fcWVfdUPQYEx3Di8iVB,Male,
822,1EQ2suKbGkip5v13cWEa8jbrLw1VP1wtBZ,Vondracek,onjFx9X8N6WNor2Ji9MQixRE48YcFrZtCuZM2tVVSvosQWuaBQE,Female,
823,1HBdhWFm6FwmfZw5Yy6WiksH3FJwpgDieS,Fosserd,ooSYoW6n1fC3F38WJDCMLRE32ydVu5aXJZTXJra1pHfev28oseg,Female,
824,1NuRHJfo7z2E4TuJX6FJ5JW4Sr4uMN5WV4,Sewley,oohrCoKVzSKqgieAAKbiQMrsiRTwvSRHxzBBLad3gxgnmoTA7BJ,Female,
825,1PC4P8KPxukvMARpmL3QERd9p29VU5tXwS,Ricci,oo3i7peYJ6FXwmU4m1qZRNujw4vrGchrPXmLGozWxQTw5EBuiNH,Non-binary,
826,1N8E3tea1yrJXgqCCKZJxQUjymzmTn6R32,Taggert,ooaboeFU84PjnNzgfnjfyEG4oz8FhCvV1xTGkCinN2Y2TRoxJvB,Male,
827,1NNmoo7tcGKgGhE4rVPCpeXNRtUB1t35Bp,Ivoshin,ooeo7S8XfjDYmuHsgS2aEkGrqwdkxA5dgdVoBX41PNKGzh7ueYq,Male,
828,1AxUDvj6jEPtpVDNyvC68E42GS7U36Vsj4,Drohane,onrYKW8A34k4gUsWtcH7mtWnodWQXJAuds2XQbvhHqUQPkfYQBT,Female,
829,15sUaVgCHfJubtL2otWCf7Bdp5xB9d5Yyz,Milliere,ooUGxUyzYRG6WNgzYXF4dpJYGVH2vy2zZtLUM2tw9vSemRkvGx1,Female,
830,1ArbZT5Rqfq26WRwDN9BRZBgneaKgrgr4V,Dubique,oo6BKhgDqHWojPvCsiduayYBJSkXUbJAPPakSz3d2boWWE567eh,Female,
831,18PF25Do4ihxgowqUddB3eHGXE6CTASdCD,Brade,opG3uQXmkoXGbcdSw8oiyQxqwCZEJoebSvM4vmNgwyYFZWh8THP,Female,
832,1CuTFBJVtTC9ktcj19d4J4zfF624ei5DRB,Dibb,opMu13fgYuFhpKadRjox27nFXzt9KBGc8e5XxNXvCe6E5gVB77x,Female,
833,1CGNP6W5sJKQG5nJWBHe5qjB2nvk5dNqVC,Waterdrinker,op7h2ViXuWYcbKpQfugprJU8L3nYsQ95Wd8chsaRXmNECfEDZDN,Male,
834,17LhKeD2eDc7MyUgPkMA4on1csKhdy3c3x,Sydry,ooU66vGF564krDicrdR69UugTD2dQUcVsJr1yWDztdoGkXQPExr,Male,
835,1K67Z52rnDFHyTqiR5jYHMcFSJRoBdNFSo,Willson,ongutqgnu9j7Uf1aht3TeyDh1AkUUk6e9tDh3qLvESAkDAigpAd,Male,
836,1LjSexkzkGE7uJriRF5qrBdyeuLKkvG5Zb,Harcombe,opA1tvwVNBKnjqJDHDzvDwNhskEcCBRS5jRrXPKu4ZqF7nLxFgx,Female,
837,1BVRVuTYVsAz5ejA7rF3dUnNofm6RTN7Wm,Mullaly,op7RffJXcLFKbuU7YvQ3h6ESHJRcfRqtQN6dD2dWHLVnNHGALdS,Male,
838,1FxJMC4ds72oYHranysDxbNLhrDaaqSPMY,Djuricic,ooyxndACkNBxZkqy4j6TKR3Z891zwAFtKoFuMd31Kv6DVSYD36H,Male,
839,1AdD6Gv8PvyQGwsE7a9EQNxJ6HDV3gbapP,Ineson,op1tj9swL3FcjKZNknkRM76uubE8jPX2CoUvpHAKPJUu28fQ6f6,Female,
840,183REo59UFRSd2w4jBjVHuZRoy5Aodx82c,Gloy,opNYEXJP95o6232Giaqt3NiinMnsZZiTHD5vZzuAUAbDYJxvajQ,Female,
841,1QDMXS8zwC3Wpcnw7n1zJVEfMpZivJA6ds,Romi,oou182riAEdkDckNLH67nh9Vwk3uxTGaXM1hUSQbZEmPkDho13Z,Female,
842,1N5zCznNLqa19E2kUtqtmPb9vTsx1iKi8f,Ginglell,ongZ5DiHkhgy92DmPjrBGGBivqwsnRR811SgMmV3m7GgVkeTtVh,Female,
843,1Acg7uzwQe1x5XMm1CuWv55ddGrE1rkEK8,Rewan,opVfTHW3jTmqZzchMLh1wPqhChYtSTxuS7Yf7cJRaH43zhdsjbC,Female,
844,1NfD1f8LbLTFUV8C9ZzvZSLCzGRRu7bFtB,Ferencowicz,ooy4cMXU1m45V6vX4wwumKHihu5iZRyAt1uBWLXJyY4zVqfJDKp,Female,
845,1NJqR5vfqXTkctovagxdLLcAcqhAE9qioX,McElhargy,ons3k3VQQRFcFBS2y6Rypd73QxHWjvff3K5eaUBrXtXCZHxcnRz,Genderfluid,
846,17RtPGADxkpLhH9Yh9QUGPBpAY1srkDV5D,Janovsky,ooeB3P6s7i7xFPw8JNhG9CqqQCDcohR7tQWeDynDGAQrpopHY1F,Male,
847,19BUJiztvxYTeSH3nWuCVPhcU3WRXreQej,Di Ruggero,opVgXcK65H1i4m9rjzMMehayxb21L5tB5iinmVqboTgkis2u1Wz,Male,
848,1MGEaQRGLdFJbwsnnkYzrSKkE1iUnVmTxN,Viant,ongyAstkp6cgjuXnk9cZpcuGy1Q6SvoyLaHZ4Tj6tqzpyZoKchw,Male,
849,124JfNyVJhXyET4WRKENu6bdRe227we7pL,Iannuzzi,opK2vW6FvNibvW2GqeRwYdD8JUdq37DX99H6XGo4Usoa8X1U84b,Male,
850,15Ea5crSUUdDhBRrgckKNS94JMfLwSMbaG,Elms,onxqY1QxPmG71xjGf9A3secVMtFRfBC2sbwiur43hbXor6RFomm,Agender,
851,199N744exqvHFjcQXG2C2dwRpuRVtbMRvJ,Beat,oovGhyqyseHZkFTrFvmDropMaPuDFLneeMMyb2ZKmMB4psAP4Ue,Female,
852,1Loec7hR8DTRKPytz7jpZtNyFczfkhUaxf,Tomczak,opHGbpbn9emeMziPmjs3QrXHazRcD9DG8m5pzP3Lj1AuNMkAhr9,Male,
853,1HP8vECzhuoxVTnW5XVXC9SMU6ahg5qPdn,Comber,onevoCjeyiN3AqdB1KVyiSDVH4DdrJHMgatwbgvpkBjKHnYtRQP,Female,
854,1CdRaFhgo8frBgfuw3FVbYsuYycSvJiDKq,Oram,ooKCEwC2eAYexTfeQmPmFaHj3PhD1kPHsK4AozWYUFMCA9gkBY1,Female,
855,1GwgsJr6L1enCVaDH4AyBGPMzFn2EomJdk,Wedon,opN2wioaMfixVU4rtruuHpMNtXXXbdK2GsqGQtpr6UtNb5YW8Gh,Female,
856,1DWM8oNjazfWk4m3dtWaUbVVfKxsnNo2fo,Baughn,opVznN13GZpx4yqaZr7h6fyUxeoyMj2HPrNcEsWEbLpo64YRqNE,Male,
857,1NT5nYRw55uAFE5AvTh4FfobFL3MeaKPFX,Andrat,onfXRiL3C3AWARzaww3AmRi5Qw6Uz7hZKCTMjxwKKbpJ2dsJyDU,Male,
858,114A9zbLCEvmcVFVDrZiFqHqZ18itqkA9Y,Lory,opE2EbiwttofoZ9pFMGqoVaZbqfBbxJY3F2Zti9jYMkGTWb3Q1V,Male,
859,1GbUmqfLGhdy7x1ffycK5Cg5F9N2DE5tGa,Egel,ooLeXRs1D5kWfDHJZUvocud1AjhG559yu2wphNC87orBBVSR9xo,Male,
860,1MCMYUJLmvc7Cf2j82rujgAbKtJPwZRRXm,Roydon,ontJZaJgaYoogPX8Zu2pFXrknpaLbZJ2XjqzcbdrdpL37DdHKsy,Female,
861,15bGTobXmXiLhudmoshAnsNPKa7TASH87Y,Potes,onh2ksGCMh2DikGEgRu8tdySYBt7aUgSPWsvjh56cmQpUCjESN5,Male,
862,1KJAwJVgemGmoDYz2Rxovz1DmcEjKe4x3R,Tweedell,oogzjNSHGXLx1bGWZkMifSNHfrt1JEzjTFHuxxvaoWw5a7DgA63,Female,
863,18aKnkqnMnvziXaEMe53X64XdFogAwKS8W,Tolfrey,oohELYMiiUGpRczYYFrVKNbkayAqDXbxZLJRQmGaPocYtjfy1YU,Female,
864,17HrUaEdSfLy2TcLPTqe1mSozhtFCgv5wJ,Pearle,opZpeHBW6bm9tVsVEZgJvJG7ucwzQEebAdAyvKTJrbhY489C8Zn,Male,
865,19g7NyhwAJBo796XVvmu1HKLpTsqmKvamt,Sarl,ontx512UcvtkQPzn1TjhPa3yZEZakBckfBb5fTXVV4GVdAT34Pd,Male,
866,1MifmsaSrkepwZRhR2sVX8DJgz7dhAU4dj,Vlasenkov,onf7Ehbdzoccf5PgsHwKwu11duEWsp3ap2zDGxNwJaD8xZgAYAd,Agender,
867,1N9oqZggCAV8rYYqUo9PvJVamST32H3WCC,Kinker,onpk4Q3ADYm67w9w7Fnzx5HBurFtTx9pwqn2UJUDXxKvH2ZzHLT,Female,
868,1Dnmkn1xiZeBYQyUzfmW4x2tLuwkgRssdC,Swarbrick,oohmaCPNreeNTJoQacuxnh2x2hKJxftsWMJRZ8ZXKfp1ZjYbZBh,Male,
869,1Pz9DS2vtM5rKirFkNR1Q3boVqQL79azPx,Goodee,opTkSiCgmCvaoGMHaR4xetrHTDc7ZiqnVojTwHEjThGahtBNRGD,Female,
870,1N5665J6vETuPJVaRWExeni6ZjJJkv3tX7,Duinkerk,opG5siftr3ZNSziWf1es4WtWM5bbm1MLrAXDNgYp7SvNp23DZuZ,Female,
871,1NbGFTtHPNEHJsWuR97VEcnwEA7oY93T97,Imlaw,oodopofKt6h6iFugpAMFHQVGXZZEdWtSyC8LBxhQkb3SeGXFRmi,Female,
872,1DqqMYCX8qCTkYUAnUMNJZCsbc2t41wzTd,Grafham,onybz2739VfNFpVP9n1d9txaqmzZjHkRevsHZxFNPHLi7BthdSz,Male,
873,1tq43KY86P6xHFhPzo8v1a6ZNwQC6pu6w,Kopf,onw5e1CR1CNnxim5Gd6si4Jj2rqnPZzBfC5uVo3WH1BakufMvMn,Female,
874,1DWGdDmBn4o8amVMvkunvQfZyZSB7J7wtP,Sheen,ooWc4Er6Q71p8MNNEyCn8MXU8WheUm5PFPtcd5nPYY7XG3NxGKR,Male,
875,14WyMLKcfuDrZcP6cPQMbYG7GAsSygnhUw,Snazel,ookgve6KJMUKXZUWh9mcVsoXh7m1K8TQpYCmeDr8Hghj59wvsST,Female,
876,12UT7GiMorfpXj7hGGYFv5JG4awPMFrHai,Beaushaw,oo3cB7Bj1JwgMecVjoC3ZD8KaWo1FaDujgdwLnKhJVcRez4HYTs,Female,
877,1KMgvPFwLBjAAtbmvEfarx3xZRXpGSpWEc,Kingaby,opSa3HRAUoGRQHHyBzBzm4i8gRAPfZoJzHbtrZmGuS94cgoiGU4,Polygender,
878,1DJmeFEcVdFFb3R7tSWWHCcvEXQHYwme5B,Kettlestring,ooD1soVHhV3ytuFwc2PCcWmQka1xMmo6W25fEztTN96aEEjd6aZ,Male,
879,1C7vDYMGUtFKpshh5WP4Uf1dWPoAJzRF2V,Millgate,opFeXfiRdh76eCECJgeNJNwKyzSc1hcD3tVXu1hcpummogABs3X,Male,
880,16grDNqvXnYjyXaurKjKZNrGRPn2V5Ygvu,Kembrey,oneyKoCkRjRETfpq1UZzTRmyoYscjKa1wGQBDrrj8jU3wef8RJX,Male,
881,1KPe3SnQBbnU3eAEz3QjMXRdD4EuQhzknZ,Spreadbury,onms4YJ9m5zAvZxUWG2kzEoBjqZBQhqGa23ZQguvLVtVZBxRpiW,Male,
882,1HLUjZMRUm9EUJ48NnMRhc6uREucfsYvVH,Kuhnt,oo6pZ5orN1Ca6XfV3NchBoNTuH9EwTaxEoJoKsmwZCZBAm8d96q,Female,
883,12cfQ3MRWCJY9ivAP6bwHRKkxGNBhc8F5j,Meers,onnDqdbmh28Lu5eQEDFkv4fXdXQV3Gf3rE62Y8pKUbnwbV8oPD9,Female,
884,198nr7N4ZPiovu7ECtGMWatKg8V4Vqhert,Freshwater,oo11h4ZV3aJRsTxtE9JrtKULC8uAy1YK5MurKYWFtVCd5EjnjAz,Male,
885,15xCxLRpvXUoX4CrUFAYJVnmLNTykdJ3Mm,Oboy,oox4Ss6sDG4X75TFkRFkPd7Cxc6sYRpUKJ4HMsyvE2qjHz2jQYV,Male,
886,1CJm5nnYfGr4b44AvtasYmmN6A7qR4YCNC,Starie,ook1MB32JoaG5eaRBDWu64vWwooBUsMkr3F17obf2ohNDAgAUqj,Female,
887,1PUqUmmUcDdssMqdmbhGAjCT9QWswWyQiF,Tilliards,opAMz7KpsEq61tabrjEzYCSb4vi5xpKo5L49K5PSELKw3HYpz8p,Female,
888,12NW2ZA7YbSSmBQKKdwQaxVwQvmWcbvpKi,Kimblen,oojvA4Ddxxfd1cHuJYksAbqffTYX3Bb4qxMPT7A741SNmLfqwVW,Male,
889,1P6fQVZc9xMAbcWBVWG18SwggarEsiqdNk,Hulles,onvqWPNYLpUqovCyV7Y6cX8eHjRKfZyz9hbwCiVGFESg1tofxpX,Male,
890,1BxSYRXzSBUFT5QsU8iaLVvWvBfu4gihEx,Autry,ooX6LoAPS3wWKnfSuNGYsXoQ4PGfuF9nYa447GoZ7rJvzW4fR21,Female,
891,16gwckMixqMEhgE2Ba5zGKtv65qx9EHtW1,Canland,op27g1EZkMH7Q1ESoVWQYMWGjSu8BchKf64Bf9AhepsKAAZVUWa,Male,
892,1GrqV2k5oyPsPWfqDdmoQ9PA2YMJiYeH53,Rotherforth,oocBjt9WQnqKQq69VVvZcaFYNpfv1FKiBXcii2mqRAX2bBTUneu,Female,
893,13F1v54NHiKG43BxM1esBsBAx6bNo1N8uH,McAdam,opYUsCuVWoy6hCjdFcuDkHCgykCLJ1R4TaaEr3hf5zN45y6ohyK,Bigender,
894,192gtXFWprqLKH5PX4SagfFViHLiMTKgh9,Gouth,ooyd9Sgh9EMBCvWE3a8LNyEW3GWxHrocAWeHSFgvwjFdocaNT1J,Female,
895,1AFPvhhFYqGesoGot39ZuB73Ez5RXsEFka,Lefort,opMeLS2tTnS4P59nNUfodHd6iurt8Z9eZs6UNLkGcCS6jkJAPGM,Male,
896,1bxP37CbtULPTCf7B1CgxSAMSZdL2fwdw,Ivimy,onw5u9LXcDP752QRW3LNHkcGSbJsmrwFM33JRmhyN861hhPCh86,Male,
897,19s4QtBr2mPZwwRm6qQu3JX2Y69Wcrf13d,Kleinfeld,oo3TNAw2yLc4KutpjNaATH4dJiqXxF8VJfzhrVEfW8EzuZvoEC7,Male,
898,1DWjeRL1QkE34ezkmv5xVadK2ewpVLwNHv,Bordiss,opDxxgTRKTtJjcRdRydn8zdghrpv4Pmsdxy4PnVuwXG4JgU7LaP,Male,
899,13Q7Dn5NZDLdrLwa7vN6c9N1u4EDCvoUTx,Pimblotte,ooJswkbUuibtMdn4AakoLTAh5ijYHZzestYw9daLWPvQqUnaPoS,Male,
900,18sb4GPbYKB3np75cSiJJpeD5PmhN14CwL,Kilty,ooQncMHhXtx3u68mHzK716gvfeMavnhQtG9hin8SJkFR8fhFTCD,Male,
901,1GKpkA6pLSm2ZAEwJNYy6xNCPgqHZAkrnZ,Snailham,opGNALo8TFxH5Fbwk334fiDuYZ6uKoQhZ8Pyk5UthuEB8Kyhxmt,Female,
902,1PVJtagT6LfjhsTM12PcKF1fPpoYc1a3HV,Puddan,oneWSrxe1DyjLZTECKnzSDCvkakJkHU47N19CzBwRRi4qYGPAyp,Male,
903,1HvFccLgdjFYWsJ1sgYuX1j14hJRYhBSP7,Newlove,ooBSwH7LeWA4KpTNQhrS99h4d9btK9Ly5dAUaCay2awgkQL6Vvh,Male,
904,1Lzwm1pwmRWjAMgNVhussYwtFgtEz5PSp4,Domingues,op2yqus6jqPLfJXVsBapPwyQha86R9HznmtC5nziWJ4BixBrQRo,Female,
905,1JHW74zFbuibxnTaXLioHSMMzXk6C2aKhY,Blackmuir,ootuZEXjLxujGoXvMFN6LjD67LhB9AkouBfex6CpDb5gBfTpQNK,Female,
906,1PLAxAep3k7DLrVK9NobHJeMzxxr3rM8kF,Haacker,oomsqdxFp71QW2ragW6vv9CXB4LVUZ6Ci7WtSfbTURpdQpmfv22,Male,
907,1Azzy5JTzU8jhbNH3bdtNrNeLvZEDWqXCR,Taylder,oovqNuSmmC6E2sBjL9ark8ZpQ7m5u4QhcSc2r3tEPcwjYg7MdG5,Male,
908,1BCXPna5vfSht8yAjE5xCpUesb5AXXbF9E,Joost,ooLMc1k6uDGkxLbemDqNvKmGULqiby7Af6uGam5UNxXT2RUGdzw,Female,
909,13xMkvEUbc55MUVTHpteuMokZi5tnmWcLo,Bohje,onuTGc86xKPLfYk3oLzfAu7i8g55yQARsiLXhvtwTStuNcqq9mE,Male,
910,1Gd4eNnEM2XiyijTXb1WAn4AoKV8DM2Dbo,Gritsaev,onyMsncqSstVwHxhpa45GSVQ52ojE5xtuX21QheGi2WuSC2rXto,Female,
911,18s4sceyFXtcxKuL58FwqmDhtrsvoR2n1D,Russ,onf2RTq6TbzgQNAfCfU7gxMF6hN7aDqomyGXySWWHNG1rjhRRYv,Male,
912,1E1WzARR6ZHs26HYQyAaPQYSardkNyfZJ4,Franzettoini,ooxEqMc5vonTfAZfF6YKAg36AbuRVkUZ5XmiUP6RLGgw4Q76deA,Male,
913,16VozffsTrDhufvZud9RPZtiY4c3A71Lcp,Lotte,op51JkEJhYpzeLCfXdXdJsiTimn1o2H21hC8cY5RVtLs9iFZJvM,Male,
914,1EoiMgwskWFaNhkx73S6Ufb8wkxpnXfxwF,McCumesky,onsudt2daAPpM7TC947Xda7hSrnoNQFUEy1L8FfBF2yA1J9f5Dx,Male,
915,1NWKwzHS6KKTQ7gZCZ135EcZFhoyXjWTjk,Wearn,oo4usRgpC35SyFGMR5XZ6TkrDMu3S78t9tPPKc83pC9YN1JR2fc,Female,
916,17Ju9d2U3kBVB3wxNzscdf5G6LRupZPQAt,Vasentsov,ooyNkVFcbjuJ1vxiRm6azhhACPzuVn1SDQ2UYiLj8i3ewL6bkLj,Male,
917,1AinGj5DBED1XaHw6v7scK57cjg5mUF8vg,Dorgan,ooSTanFLe5hs3rA78UzfjMmaVBTh6Gzx8DxhMFcLW6C8F8YgJPu,Male,
918,13CY7HvsMcp2Y2QoCFKHnPTefhXQvohb1w,Sneesby,ooo46cwRmVRhSjkdFdZRt41XAVPi8sCAYNBpUT8a84j3ix8R75B,Male,
919,1p1gFFaqXG7aLMzbsjQCbHp1cAh23bTGB,Greenin,ooo7M1QeikmWMfuZwDErB6f7RgUschw3akVo7VgVkFQtoJpGkjz,Male,
920,14d9YFmE8Jg9adDRxzfStCdoq6F5V1DkfL,Schowenburg,ooYQQeAAbUuRAR2F6CrgnBfx87pXvUuXr6jHifUzGN4fi5aoVD3,Male,
921,1L1Ke31XahhvgaXjeAHLrVV3RAhhfcqBhy,Kiley,oo8Yokc7T6qCYyYVPjNA12qZeJAVXfB9fBrhJZFMMsrviagSSaG,Male,
922,1mMG6dYbAK9B4NU8s6kYd9yRPhv5TULgX,Burchnall,ooY7YPYdeoEq7vM3JtX2gonKqwcGGyesVvDGPRv5JYPtb4DSpmR,Male,
923,166cqgLMMXxTSd54L6zzgysKZqiq5mZVhU,Lebrun,ooS7FzTsBVHhD1PUqctrbGnqoW6ZU1S7BBGMBSN8UM1rjgVUDc9,Male,
924,1ARFFm5WsAb9vGywockank1xxgUfRccJkV,Blackden,opJkrnydoNqxkmkh5nG7L8DY7LoRaoeF82QkCrnK5TJxRaGYdiM,Male,
925,1AtbCThTH8hAEvRZRh7FzmhddRxC4oN9Ht,Bezant,onzm7riso8Gvnw3WKEsPjR7WrjvHEamm6vBLZpr146YhQd3hPM6,Female,
926,1MypJ1fovWG4Q7J4EK9vyB41DZSuqfYgpr,Kerrich,ooEW13mx9HomhUSQCSSrPr7FbTm62zjFuxWwGBJ8R6FbzdUxY5Y,Male,
927,19Ayd7jq2R7CQwhL8XBKGgcrBm5jH3FCXG,Torritti,ooht3ZZQfy4mFk9mtgtuG1byzPySZeYRk2SgZVMeyYCaUXXZCqJ,Male,
928,12fuuLAaVhT3G3H5vPKgoJdczqN7gfd2wF,Poulter,ooqxM4vdhg4vAmWu4zmixCVmRq2cw6KfwzgiosJpndtXjMmNsmL,Male,
929,1EZt9PAao8SgUqQdUgfjMq8qeT8Tppttxf,Pindred,oo1YYcmDZwcsTJr7T8yCZY8JePRPG5kpewxXscAgXNQ55jMtbT7,Male,
930,1Ba1xzyKF6s7KT8LkeZ871arWzNfQbe8sn,Bertl,opUgq3q4aekGFfPusajvE79HZ8xcbGUBZWUDhj1e75GJDT4CF21,Male,
931,1KAfP6x41Sg4Y5JRgwDUrmS8mF67kPUNYt,Turban,oneFXV6gbqaDK38NXRghdCSqfsQqj7CK6PxQQPrgiiirpnenGE9,Male,
932,12gkojwKkh146T4WAkVU6r8hvEswJWHVww,Brealey,opLgD31mpqeCJ5Z49Nq1aBk8ajxr7FcKFbZdAYfZWkKhxFeashm,Genderqueer,
933,1GFwy6SBVbkC269ZbktsFs6XaDWuXWkKTb,Jessop,ooLwYC1xzUDjD7YMAF7kBhukHNT8iU7nGFQNttBRYCz4RRo4thH,Female,
934,1HZSyn7aZbppLhadbSj7hVtWyt3kT3TFm,Strother,opQ2X7MZsCo2tyCxRBvv49oPEsMwQmJSfdYD837BFogGkKp7V5W,Male,
935,1KyHAaG46kpCto1MYXddeKAkQ6PBshDgBH,Hafner,oozv6B9CiijPDEG39YSs3Vqsswv9H1SFGcEzX8dp1uCivDbyLn2,Female,
936,1AtCP9PJjS9YrUvt7VmfseqJqpv8WSFLoT,Denver,onuv8nPqu1wNoKmeow88ryaVyDKLgBigrgoD7GBEUoTML7zaetv,Genderfluid,
937,16WTwHKp9j3MXiBE5cVXAcbTL3imgY5a6R,Vanyushkin,oonPjmc2Cb82D9YoFS7J6HVZLfzEPmLFXKtArWqSCf8GZkLCxH1,Male,
938,1MxfKtHFp4eUrmhnuMX9HvHcn7pnpBUchZ,Poles,ooSH1srEsKxwtE9CCf1hYgkEpBuEMGQMrWAdokvJ4eT2Ajhziro,Male,
939,15uzjEdVpdAJMew1zYzAAuMPRdi2khTA69,Calvard,ooDqgCRutxSq7FUpKJ5gNSp65jLK87Q3mVEb2b687fSR7YsChLu,Male,
940,18cQrX5jVuZfQuPP6pbt85vZX1YNSFXVJ7,Forrester,oofAm3Uayj6fCAKb83saThZd6REXdUUm8WrVeA673zX8q4FPrQ4,Male,
941,1LDJX4dasGVVzVLmPnrteHcuXxWJw46Jkn,Murrhaupt,op7nierXa4uQQqXTQz5iiEoP5mY3ZdF8yX84NFJ6GDYbikrnkg3,Female,
942,17oNYB9WN1sJE1LA4quyTqn6A2wktpbgQG,Fitzhenry,oozEeVFG6pf8J76HqnoESypKKX9YaP1HhRRK1SpPbthQoYiqLqH,Female,
943,1LHDtEviLq16tqkWLzSXcGeZm8pppmKQzZ,Kruschov,opUBEmDtADbT6fJ1oxd4kQ3ZZBzjwF3VVnAjRq3JHPiJGY4JE4Q,Female,
944,14RZ3fedGsHBVMUX75n8Ebix47kjmaHLbc,Gotobed,onetigq9tzp2uUhHePvwqZQ88CqNjdnW48R72Qc1vByxhpL7Dq7,Genderfluid,
945,1J2VN8yDXS5aropgWMtc3h8WcXHgfX2eaL,Dufall,opEDe4WQnpxqSLjAVWcgv4epKksCVJwBP1GnQrSaeKusGGW7gxV,Female,
946,1KS3bb5MLUqudZEkvWPTQprDXcGKpkQwqv,Tytler,onvxPwQ8vWGmvuQ4BqEb5wDoZ7jGp7DrcXD9GqzcFpDLV6LXPoY,Female,
947,15JKZaeRmd7EednAoUXJP5xfN8udwYNYpo,Meddows,opUjst4Vwu7H31LDDKYe5BiW7aoSWR8SbijfCqmUcLehSUgVmNc,Male,
948,1vbtrZ8sq1hKDBNqef6suap5D2WzWTxE4,Abdon,onghR9tbrqgNJA78hD4xX25sQt6oowGGTMQKimdRPFpGynHQTAn,Female,
949,1F1SzFmSdqEdT7NKR2CCaRwXBSECMZbVrz,Tysack,onzSkXTRzzJeyES3WeHGxdvNdgQPky2VwbJauyeFYsFvco9vY2V,Female,
950,1A2k6iUwPyRprjrHhxnkPe2FsNqrzZYxY8,Middlemiss,onhGLYMQj8Ui6zxAWh4VBiWJdbBzyvPanDLKZeB2fnF9jFxMAGv,Female,
951,1JjgiMPgC82eeRvbnTjTwdHAwsEsnZGff6,Gingold,onkx4Zs9K26QuQB1YQtsQjF2oEVRSw6M1ETyDgYEwTXUqLN8gHu,Female,
952,19WRR6a38GCH8bxdcz3kwPVzVNodGTjDCP,MacFadin,ony2Tk28KViHhu7f3aTY4psDSSJtY3HVzuQJEbnEoWQgFimZUEx,Male,
953,1K5aDMQigcHsG1N4rhqrGBBUYUYeGdKTPr,Blainey,oniucPfSek7XwsveStqdf3YKwvqKAw3bW9t8WfoLPCJYRvZjqgB,Female,
954,1A7TmrcJWLDLTN6TLw1zah172n8XABxTfj,Jermy,opZxCg6Ep7P76SQCYC6ARwxgJ3cUR6P4ozUzBbNgTreKZJ5yjUp,Male,
955,1AXWZX9ugf9XRjJwHFUo1Gf8UJ8K6dH7mL,Kitley,opFkavEHurMj6EXJiN6p2s5PFdMA2vJRH9f69vEZzikmgUtD5SU,Female,
956,1KqhVoXrRhMNCvxEVHBtvVAXbu6pfm7VgM,Hince,ooYcJ1rPe9WE1qHY3SDKJdaPPQ4Fee5TRc7jv5PxEwfj3JMrDZi,Genderfluid,
957,1GkXJn4sUjbZ6GAVTtzzeT9qwThU5iipvw,Lidgard,oon6oxikwoughnTphr8B3P9FYbavTbLe734VpDfC6ioD15NVXNC,Male,
958,13jPohWXd8C8NH9qBrKVU5PnExcHvWTgg1,Duffett,opUfzpVFs7bLBRYi5Kvg6vVhSTHXua2tscvvgLjrhyyQQcAm5Bn,Male,
959,12JLfTfsyyadgPHNpYCJAPVhto2VZqu4Cj,Bertelet,oocgnoH3d1uvFgTHZTS2xFY8Z84wV9Uomum2wJ3cUxBkDaQDb1V,Male,
960,1HoYc59m6yzRGe4xSxg8pghAXXu2JmS4Ra,Laphorn,opAkBWFZRcTmdFL13mpTQE6unQa1CkL58a332tifbEQwKv53vdS,Male,
961,1BXBYKxrq1xqCsqTwigdMDi4THYa9GcWcg,Lovel,ony7YYYPVLoYgXjp8mCwaufmg4vAf4nkzMwrMLzQR9wMc5k9GtZ,Female,
962,18NpKJ6Q4WpNrBy1kdVT1bmXkb45YjZeqG,Dishmon,opXgkhYSJERnAebQrg62HSR6uEEMSDF42c9mG5xYZV5VhbSp7zL,Female,
963,121ActMH9fsSmS8WE82o5nvTUuionje1CG,Northcliffe,onsCbuZktBjGmpxFe5f2x4C4ecqSDuXai4wNt8yHfwsPsEsUheJ,Polygender,
964,13YjQ3zkKdx3TGtDBvNcZZMimARUsLRwWh,Pettifer,ooYDtnjK1gCqo7tNQAboQAmkQ8DhjFgcrf9V8fbqDjCDMucoufW,Male,
965,1JH6UmGFmr6AacsA88XymT6QJpjRyCZq6m,Einchcombe,opW5CSfhL4LDLVUL44C2kGYFvUpwcaRwTdh1ui4GHuLhoqACkrs,Female,
966,13kVgeSqmD4wKPDaCPtvM5URHdYd6qftUb,Saintsbury,opQduckhhwcQtSczds1zM17SEFMtxdgTLcvcQMvDo2TzWatgKn9,Male,
967,1BN7GmxtbhKmeoEVUxoZFwifUUuVTS9pFJ,Bishopp,ooXTk4h155YJxHcqEBmcmjg2tsVeyYcPMkxEJTqZK6mxKQN94EW,Male,
968,1DZznwsuijsxUJbeMKcunfZA2AvXxjYjqw,Attwill,oovNiiAm7CmRi7BLHzvf4vdQ3ze3FZzFsPHcq3nwqLjNTxB9dR5,Male,
969,1AN8kNeWQ2MZKYQbzjVkPY9t4hm435K1Yx,Murrock,oopdLktmjYSCHD7o7i8syueUf1nzBmqo8JPfi1n9RPNoHhAVHzb,Female,
970,1CgSGebzHhE4CrGQ1kRBRM62ZkEEvVunqj,Wormell,ooYsmYivuF4L2bUqZX5rZcL3MTfyHLwRfxxBRan8Y7zMdcQMcvo,Non-binary,
971,1GwtZm8B11PVhZx8bTa4ASQbHtfBxkp45m,Graith,ooyBsEFEWsVFVk8ePmXwPwQL85xvrFN7HDpErokbK1QSp6f6erE,Male,
972,1PxvUzT5AzmwvYUan4mwYXMsXmVHZaGNyv,Woolbrook,oouvQZ9y48qJgPmZQptgQV1zcXH4rf6uKA1mgo6tdF7G7baemAk,Male,
973,1B6DiS64aeuA1rycSENPqY2nWkrvTKK321,Loades,ooHi998ZtQi7i2Suu1eBP31HCvztmLLH1c9iFrpPs7uaf2sKxbc,Female,
974,1A7b47Yag8SrbUWJZzxHU97cf56jALMTwk,Pratt,ooMzwahN4G87x1WKEtRfWm5GcgMBaPJ4gYA2SGgxVqc8gHoFcbf,Male,
975,12fc5QgQsefZePaCJjduTcPxdpx6SCWK9h,Langlois,ooYMeEtGEg3EFp3BXdUTbtQSzgAcU17jDSMeYN3toHfcoJWyRgL,Male,
976,136oaA3756suvScYfDXadfBwwFZmUemaAz,McGirr,opBXcCyEUxuf5De28kmJ4RXMHZDs7LQ9dumryY1wpqaoqBcahQb,Agender,
977,13ePdyFSiKjU4DRgN2Grhapp86RekW886v,Borgne,onwa6284uFt8sNh7cWJX221577vmq86Pboi5NRRvNcc9BJoRaYp,Female,
978,1Hy9MKC6CYKTb6iuhGVrK6QoeniNXhDAwy,Tibbles,onyFUzPQbBJKJ5G8MLmSHJAYD6ekqxfhMc6D5Knd5QGXSd5DLdg,Female,
979,1DZQ8dzWouq2j9WqbDdi1oYYyGYP72wF4n,Yurasov,oo9h5R3BAnYTU9aNLm8iPtTG8y8JtzgeqGtKpG4weAxmEhoNz9F,Male,
980,18XysPksKjLnJDYe961irwxU98WuhWF9TV,Tollemache,ooTmtXKsKHEp2LxBrBT6rh93mGizmKyDmRKGRMbGVH4Kn42GLkJ,Male,
981,15E5FhE1NExCobJfPHUYtaDqFEEDKTRfJL,Oxbie,oo8EcWLZxvr1KZBW3ULsBKLPR4zUxhbrQzoTA7ZEFePePPNDgqx,Female,
982,15fvPJyH8MkF9HhYdiXaPww2MLKaEvTscu,Nolli,ooyhdUXuP6DqiQTSQniwPdZvb51vidsf2PtXg6Rf7wkD2vzYV1D,Polygender,
983,16cwZtXzRSVEWkBgmUFdhMbqZmRgCf1jAa,Leinster,ooMscpkpn8fodKFbRXhA2j2kxGdk9kz9sjDjViV6Wi2Ur12oTdM,Male,
984,1DzcmCbL3gscnKfD2K985f8Uz2YbycPg2H,Stark,oogVQRvSpSpfRhHUhYeLsW8t3fn1ayLNHjm6emHDor8anZQvask,Female,
985,1EYhZaFusCXR7PLJ7q8Y66VLL1jGGCMoEm,Worgen,onuwduGjqQ6tyiuJgEaSqpcr4tcztYzgDcfLhVg1RfaiFjihF3g,Female,
986,1BXddQsjvBy18PtCNZB7cPq2Ym5jGfUmrT,O'Heffernan,opRf3g357HdQcK1MsYR6voVmb4NBDt1yHiZ61XR39N1c2pJumrx,Female,
987,1JyT2dHbWJgzKzPE8prKujMyVwusT4wTz5,Doreward,opNjL3jkwQBHBehoYuknBBaarJvZ8SrAonCMqYqSqNR3jZYbai2,Male,
988,1MbJeG2VyHY6HJr4SrTeLDctAhQWFoE3QH,Krop,oohRXj5FYriKzSuA5WDWf7AURDymdsk45kFW4p5r63ujMnxwn3t,Female,
989,1M5GbDKwbddB4qMpKTzr39zh8TRG4LyJ3C,Ritmeier,oo7WTPaKj1eXRQzYJT3J7qc3bQeXUDReMVi5sM9aMrV1kE17dkz,Female,
990,14gNainHUXoNAWsNZKDJWgVyZ8mCeMDGwp,Bigmore,opF6zoz1bkeLz5zqEAuFwjiwKj75GM5dvxChDeTUYT4UJCAEJ2t,Female,
991,13WmnWqbmm7FqEin7nqJnM4SJE7GHNRJaz,Iskow,op2jw56imCiNw9HE3oNFK8TsKtzhQXiU1qpqE31cVGqziFScM3v,Female,
992,1PcDsvkmbDrTNDuGqgST7GR6zywKDdLe6j,Attewill,onttgquk2JgSpurmisjGchTXwarz1RCycxXfmxMpmCmwpemF7S5,Female,
993,1P394d7Boj228rQZq3UZLLf7Tf9efC5Y9P,Di Biagi,onxofPdYF5Lp45TuKV22U1w8a7A2H3q8r91pdnh5oQkNu5yTye2,Female,
994,1Mohr6TWjqpdz4r9eS8SVNaMGR9LhAMiYF,Cuckoo,oo8XANP7bemDoBxk48K6JjLdRQYpxuS1M2JGQCLqu77ZwfUKrCR,Female,
995,16s5KHMmDod6gHjGSW5x5WvsZnC1iaLpsF,Salamon,ontjufzsSVsN3gBAzv3HkbkBPGybkAGFQd7Vhwf9L1cfmBjz6un,Female,
996,1C5L7BzkioG2hrPKEAqXMrkmYkxyLuFxTL,Gwillyam,ooJooqXq4kYc6DVNGSneFwWdijBj9g7AcW6piouLeBAwzFMH5gM,Female,
997,13gN9fytp4hH9zdzUG9DrbWcw7gkKsZoD7,Duncan,opMiimY2bazXe8XriZrStxNCv1hewVZZHocPRwqFN6fHPQKe38m,Female,
998,1Fj1uaHJ6N7sE28EyijUspHbpmr7PLmRpm,Petracek,oovFWFyyAtakLj2MzEPXu49pg4mD29VPBc2AQxemhzEpQhRJGzM,Polygender,
999,17WMJPBsZEDMv3qMR5p89iNczdSjiyncpU,Vaughton,oni8ZenPUGh4Tt25SkYiHDpdNjKUGFSgHeTnMn3afR6vjgbhULa,Male,
1000,1KY28KFPa2EiQ3jiPoc9R9MQMcQgWcDH6H,Batalini,oo2rxDftas2NvKrvwZEe1Jj6UQuxHEEAgUq1zog6W3ftPvioXqm,Male,
